name,type,comment,nullable
reference_period,string,,true
ssm_supervision_country,string,,true
entity_id,string,,true
name,string,,true
imas_ouid,bigint,,true
firmid,"decimal(10,0)",,true
riad_code,string,,true
jst_code,string,,true
jst_code_today,string,,true
ssmsignificance,string,,true
ssmsignificance_today,string,,true
ssm_dg,string,,true
ssm_div,string,,true
ssm_section,string,,true
business_model,string,,true
business_model_today,string,,true
cluster,string,,true
cons_level,string,,true
top_consolidation,string,,true
is_highest_cons,string,,true
group_position,string,,true
is_group_head,string,,true
lsi_priority,string,,true
ssm_list,string,,true
accountframe,string,,true
accountframesolo,string,,true
highest_accountframe,string,,true
finyearend,string,,true
sds_in_bank_stats,boolean,,true
srep_benchmarking,string,,true
ms4_code,string,,true
methodology_name,string,,true
data_name,string,,true
kri_id,"decimal(10,0)",,true
kri_data_point_id,string,,true
kri_name,string,,true
value_decimal,"decimal(38,10)",,true
value_txt,string,,true
rm_used,string,,true
unitname,string,,true
formula,string,,true
sourceframework,string,,true
observation_status,string,,true
tech_ssmsignificance_si,string,,true
tech_ssmsignificance_lsi,string,,true
tec_ingestion_date,string,,true
tec_run_id,string,,true
