name,type,comment
entity_id,string,
riad_code,string,
imas_ouid,bigint,
lei,string,
name,string,
ssm_supervision_country,string,
ssmsignificance,string,
ssmsignificance_today,string,
lsi_priority,string,
jst_code,string,
jst_code_today,string,
business_model,string,
business_model_today,string,
reference_period,string,
cons_level,string,
is_highest_cons,string,
entity_type,string,
group_position,string,
is_group_head,string,
top_consolidation,string,
ssm_list,string,
ssm_dg,string,
ssm_div,string,
ssm_section,string,
cluster,string,
accountframe,string,
accountframe_solo,string,
highest_accountframe,string,
finyearend,string,
srep_benchmarking_group,string,
ms4_code,string,
sds_in_banks_stats,boolean,
finrep_type_cons,string,
finrep_type_solo,string,
scopeprud,string,
scopefunding,string,
tech_ssmsignificance_si,string,
tech_ssmsignificance_lsi,string,
data_name,string,
data_name_label,string,
module_id,string,
table_id,string,
table_name,string,
x_axis_name,string,
x_axis_rc_code,string,
y_axis_name,string,
y_axis_rc_code,string,
z_axis_name,string,
z_axis_rc_code,string,
value_decimal,"decimal(38,10)",
value_txt,string,
reception_date,string,
iref,string,
taxonomy_code,string,
alg,string,
blj,string,
blk,string,
bll,string,
cbc,string,
cci,string,
ccp,string,
cpt,string,
cre,string,
cti,string,
drc,string,
fia,string,
fih,string,
fik,string,
fil,string,
fim,string,
fin,string,
fmi,string,
fty,string,
gcc,string,
gpr,string,
idc,string,
idf,string,
idl,string,
idm,string,
idn,string,
ido,string,
idp,string,
idq,string,
idr,string,
ids,string,
idt,string,
idu,string,
idv,string,
ien,string,
ies,string,
ifl,string,
ifm,string,
igp,string,
igr,string,
ilg,string,
imi,string,
inc,string,
iod,string,
irn,string,
isc,string,
isf,string,
isr,string,
ist,string,
lcr,string,
lec,string,
leg,string,
leh,string,
lej,string,
lek,string,
lel,string,
lem,string,
len,string,
lgs,string,
lhc,string,
lin,string,
ned,string,
oer,string,
ogr,string,
pbe,string,
pcs,string,
pdt,string,
qblj,string,
qblk,string,
qbsu,string,
qbty,string,
qbtz,string,
qbvg,string,
qbvh,string,
qbwy,string,
qbxg,string,
qbzu,string,
qccp,string,
qcdf,string,
qcfa,string,
qcpt,string,
qcrg,string,
qfmi,string,
qgcc,string,
qicg,string,
qidl,string,
qido,string,
qidp,string,
qidq,string,
qidr,string,
qids,string,
qidu,string,
qidv,string,
qien,string,
qifm,string,
qinc,string,
qiss,string,
qlec,string,
qleg,string,
qlej,string,
qlek,string,
qlel,string,
qlem,string,
qlen,string,
qlgs,string,
qlin,string,
qned,string,
qoer,string,
qogr,string,
qpcs,string,
qpdt,string,
qrac,string,
qran,string,
qrdt,string,
qsic,string,
rac,string,
ran,string,
rdt,string,
rfa,string,
rfb,string,
rfs,string,
rib,string,
rni,string,
sic,string,
srn,string,
stc,string,
str,string,
tcg,string,
