table_id;framework;effective_from;effective_to
A_00.01;3.0.1;2021-06-30;2023-06-30
A_00.01;3.2;2023-06-30;2026-03-31
A_00.01;4.2;2026-03-31;
B_01.01;4.0;2025-03-31;
B_01.02;4.0;2025-03-31;
B_01.03;4.0;2025-03-31;
B_02.01;4.0;2025-03-31;
B_02.02;4.0;2025-03-31;
B_02.03;4.0;2025-03-31;
B_03.01;4.0;2025-03-31;
B_03.02;4.0;2025-03-31;
B_03.03;4.0;2025-03-31;
B_04.01;4.0;2025-03-31;
B_05.01;4.0;2025-03-31;
B_05.02;4.0;2025-03-31;
B_06.01;4.0;2025-03-31;
B_07.01;4.0;2025-03-31;
B_99.01;4.0;2025-03-31;
C_00.01;2.9.1.1;2019-12-31;2021-06-30
C_00.01;3.0;2021-06-30;2023-06-30
C_00.01;3.2;2023-06-30;
C_00.01;4.0;2025-03-31;2026-03-31
C_00.01;4.0;2025-03-31;2026-06-30
C_00.01;4.2;2026-03-31;
C_00.01;4.2;2026-06-30;
C_01.00;2.9.1.1;2019-12-31;2021-06-30
C_01.00;3.0;2021-06-30;2023-06-30
C_01.00;3.2;2023-06-30;
C_01.00;4.0;2025-03-31;2026-06-30
C_01.00;4.2;2026-06-30;
C_02.00;2.9.1.1;2019-12-31;2021-06-30
C_02.00;3.0;2021-06-30;2023-06-30
C_02.00;3.2;2023-06-30;
C_02.00;4.0;2025-03-31;2026-06-30
C_02.00;4.2;2026-06-30;
C_03.00;2.9.1.1;2019-12-31;2021-06-30
C_03.00;3.0;2021-06-30;2023-06-30
C_03.00;3.2;2023-06-30;
C_03.00;4.0;2025-03-31;2026-06-30
C_03.00;4.2;2026-06-30;
C_04.00;2.9.1.1;2019-12-31;2021-06-30
C_04.00;3.0;2021-06-30;2023-06-30
C_04.00;3.2;2023-06-30;
C_04.00;4.0;2025-03-31;2026-06-30
C_04.00;4.2;2026-06-30;
C_05.01;2.9.1.1;2019-12-31;2021-06-30
C_05.01;3.0;2021-06-30;2023-06-30
C_05.01;3.2;2023-06-30;
C_05.01;4.0;2025-03-31;2026-06-30
C_05.01;4.2;2026-06-30;
C_05.02;2.9.1.1;2019-12-31;2021-06-30
C_05.02;3.0;2021-06-30;2023-06-30
C_05.02;3.2;2023-06-30;
C_05.02;4.0;2025-03-31;2026-06-30
C_05.02;4.2;2026-06-30;
C_06.01;2.9.1.1;2019-12-31;2021-06-30
C_06.01;3.0;2021-06-30;2023-06-30
C_06.01;3.2;2023-06-30;
C_06.01;4.0;2025-03-31;2026-06-30
C_06.01;4.2;2026-06-30;
C_06.02;2.9.1.1;2019-12-31;2021-06-30
C_06.02;3.0;2021-06-30;2023-06-30
C_06.02;3.2;2023-06-30;
C_06.02;4.0;2025-03-31;2026-06-30
C_06.02;4.2;2026-06-30;
C_07.00;2.9.1.1;2019-12-31;2021-06-30
C_07.00;3.0;2021-06-30;2023-06-30
C_07.00;3.2;2023-06-30;
C_07.00;4.0;2025-03-31;2026-06-30
C_07.00;4.2;2026-06-30;
C_08.01;2.9.1.1;2019-12-31;2021-06-30
C_08.01;3.0;2021-06-30;2023-06-30
C_08.01;3.2;2023-06-30;
C_08.01;4.0;2025-03-31;2026-06-30
C_08.01;4.2;2026-06-30;
C_08.02;2.9.1.1;2019-12-31;2021-06-30
C_08.02;3.0;2021-06-30;2023-06-30
C_08.02;3.2;2023-06-30;
C_08.02;4.0;2025-03-31;2026-06-30
C_08.02;4.2;2026-06-30;
C_08.03;3.0;2021-06-30;2023-06-30
C_08.03;3.2;2023-06-30;
C_08.03;4.0;2025-03-31;2026-06-30
C_08.03;4.2;2026-06-30;
C_08.04;3.0;2021-06-30;2023-06-30
C_08.04;3.2;2023-06-30;
C_08.04;4.0;2025-03-31;2026-06-30
C_08.04;4.2;2026-06-30;
C_08.05;3.0;2021-06-30;2023-06-30
C_08.05;3.2;2023-06-30;
C_08.05;4.0;2025-03-31;2026-06-30
C_08.05;4.2;2026-06-30;
C_08.05.1;3.0;2021-06-30;2023-06-30
C_08.05.1;3.2;2023-06-30;
C_08.05.1;4.0;2025-03-31;2026-06-30
C_08.05.1;4.2;2026-06-30;
C_08.06;3.0;2021-06-30;2023-06-30
C_08.06;3.2;2023-06-30;
C_08.06;4.0;2025-03-31;2026-06-30
C_08.06;4.2;2026-06-30;
C_08.07;3.0;2021-06-30;2023-06-30
C_08.07;3.2;2023-06-30;
C_08.07;4.0;2025-03-31;2026-06-30
C_08.07;4.2;2026-06-30;
C_09.01;2.9.1.1;2019-12-31;2021-06-30
C_09.01;3.0;2021-06-30;2023-06-30
C_09.01;3.2;2023-06-30;
C_09.01;4.0;2025-03-31;2026-06-30
C_09.01;4.2;2026-06-30;
C_09.02;2.9.1.1;2019-12-31;2021-06-30
C_09.02;3.0;2021-06-30;2023-06-30
C_09.02;3.2;2023-06-30;
C_09.02;4.0;2025-03-31;2026-06-30
C_09.02;4.2;2026-06-30;
C_09.04;2.9.1.1;2019-12-31;2021-06-30
C_09.04;3.0;2021-06-30;2023-06-30
C_09.04;3.2;2023-06-30;
C_09.04;4.0;2025-03-31;2026-06-30
C_09.04;4.2;2026-06-30;
C_10.00;4.0;2025-03-31;2026-06-30
C_10.00;4.2;2026-06-30;
C_10.01;2.9.1.1;2019-12-31;2021-06-30
C_10.01;3.0;2021-06-30;2023-06-30
C_10.01;3.2;2023-06-30;
C_10.01;4.0;2025-03-31;2026-06-30
C_10.01;4.2;2026-06-30;
C_10.02;2.9.1.1;2019-12-31;2021-06-30
C_10.02;3.0;2021-06-30;2023-06-30
C_10.02;3.2;2023-06-30;
C_10.02;4.0;2025-03-31;2026-06-30
C_10.02;4.2;2026-06-30;
C_11.00;2.9.1.1;2019-12-31;2021-06-30
C_11.00;3.0;2021-06-30;2023-06-30
C_11.00;3.2;2023-06-30;
C_11.00;4.0;2025-03-31;2026-06-30
C_11.00;4.2;2026-06-30;
C_13.01;2.9.1.1;2019-12-31;2021-06-30
C_13.01;3.0;2021-06-30;2023-06-30
C_13.01;3.2;2023-06-30;
C_13.01;4.0;2025-03-31;2026-06-30
C_13.01;4.2;2026-06-30;
C_14.00;2.9.1.1;2019-12-31;2021-06-30
C_14.00;3.0;2021-06-30;2023-06-30
C_14.00;3.2;2023-06-30;
C_14.00;4.0;2025-03-31;2026-06-30
C_14.00;4.2;2026-06-30;
C_14.01;2.9.1.1;2019-12-31;2021-06-30
C_14.01;3.0;2021-06-30;2023-06-30
C_14.01;3.2;2023-06-30;
C_14.01;4.0;2025-03-31;2026-06-30
C_14.01;4.2;2026-06-30;
C_15.00;2.9.1.1;2019-12-31;2021-06-30
C_15.00;3.0;2021-06-30;2023-06-30
C_15.00;3.2;2023-06-30;
C_15.00;4.0;2025-03-31;2026-06-30
C_15.00;4.2;2026-06-30;
C_16.00;2.9.1.1;2019-12-31;2021-06-30
C_16.00;3.0;2021-06-30;2023-06-30
C_16.00;3.2;2023-06-30;
C_16.01;4.0;2025-03-31;2026-06-30
C_16.01;4.2;2026-06-30;
C_16.02;4.2;2026-06-30;
C_16.03;4.2;2026-06-30;
C_16.04;4.2;2026-06-30;
C_17.01;2.9.1.1;2019-12-31;2021-06-30
C_17.01;3.0;2021-06-30;2023-06-30
C_17.01;3.2;2023-06-30;
C_17.01;4.0;2025-03-31;2026-06-30
C_17.01;4.2;2026-06-30;
C_17.02;2.9.1.1;2019-12-31;2021-06-30
C_17.02;3.0;2021-06-30;2023-06-30
C_17.02;3.2;2023-06-30;
C_17.02;4.0;2025-03-31;2026-06-30
C_17.02;4.2;2026-06-30;
C_18.00;2.9.1.1;2019-12-31;2021-06-30
C_18.00;3.0;2021-06-30;2023-06-30
C_18.00;3.1;2021-09-30;2023-06-30
C_18.00;3.2;2023-06-30;
C_18.00;4.0;2025-03-31;2026-03-31
C_18.00;4.0;2025-03-31;2026-06-30
C_18.00;4.2;2026-03-31;
C_18.00;4.2;2026-06-30;
C_19.00;2.9.1.1;2019-12-31;2021-06-30
C_19.00;3.0;2021-06-30;2023-06-30
C_19.00;3.1;2021-09-30;2023-06-30
C_19.00;3.2;2023-06-30;
C_19.00;4.0;2025-03-31;2026-03-31
C_19.00;4.0;2025-03-31;2026-06-30
C_19.00;4.2;2026-03-31;
C_19.00;4.2;2026-06-30;
C_20.00;2.9.1.1;2019-12-31;2021-06-30
C_20.00;3.0;2021-06-30;2023-06-30
C_20.00;3.1;2021-09-30;2023-06-30
C_20.00;3.2;2023-06-30;
C_20.00;4.0;2025-03-31;2026-03-31
C_20.00;4.0;2025-03-31;2026-06-30
C_20.00;4.2;2026-03-31;
C_20.00;4.2;2026-06-30;
C_21.00;2.9.1.1;2019-12-31;2021-06-30
C_21.00;3.0;2021-06-30;2023-06-30
C_21.00;3.1;2021-09-30;2023-06-30
C_21.00;3.2;2023-06-30;
C_21.00;4.0;2025-03-31;2026-03-31
C_21.00;4.0;2025-03-31;2026-06-30
C_21.00;4.2;2026-03-31;
C_21.00;4.2;2026-06-30;
C_22.00;2.9.1.1;2019-12-31;2021-06-30
C_22.00;3.0;2021-06-30;2023-06-30
C_22.00;3.1;2021-09-30;2023-06-30
C_22.00;3.2;2023-06-30;
C_22.00;4.0;2025-03-31;2026-03-31
C_22.00;4.0;2025-03-31;2026-06-30
C_22.00;4.2;2026-03-31;
C_22.00;4.2;2026-06-30;
C_23.00;2.9.1.1;2019-12-31;2021-06-30
C_23.00;3.0;2021-06-30;2023-06-30
C_23.00;3.1;2021-09-30;2023-06-30
C_23.00;3.2;2023-06-30;
C_23.00;4.0;2025-03-31;2026-03-31
C_23.00;4.0;2025-03-31;2026-06-30
C_23.00;4.2;2026-03-31;
C_23.00;4.2;2026-06-30;
C_24.00;2.9.1.1;2019-12-31;2021-06-30
C_24.00;3.0;2021-06-30;2023-06-30
C_24.00;3.1;2021-09-30;2023-06-30
C_24.00;3.2;2023-06-30;
C_24.00;4.0;2025-03-31;2026-03-31
C_24.00;4.0;2025-03-31;2026-06-30
C_24.00;4.2;2026-03-31;
C_24.00;4.2;2026-06-30;
C_25.00;2.9.1.1;2019-12-31;2021-06-30
C_25.00;3.0;2021-06-30;2023-06-30
C_25.00;3.1;2021-09-30;2023-06-30
C_25.00;3.2;2023-06-30;
C_25.01;4.0;2025-03-31;2026-03-31
C_25.01;4.0;2025-03-31;2026-06-30
C_25.01;4.2;2026-03-31;
C_25.01;4.2;2026-06-30;
C_26.00;2.9.1.1;2019-12-31;2021-06-30
C_26.00;3.0;2021-06-30;2023-06-30
C_26.00;3.2;2023-06-30;
C_26.00;4.2;2026-03-31;
C_27.00;2.9.1.1;2019-12-31;2021-06-30
C_27.00;3.0;2021-06-30;2023-06-30
C_27.00;3.2;2023-06-30;
C_27.00;4.2;2026-03-31;
C_28.00;2.9.1.1;2019-12-31;2021-06-30
C_28.00;3.0;2021-06-30;2023-06-30
C_28.00;3.2;2023-06-30;
C_28.00;4.2;2026-03-31;
C_29.00;2.9.1.1;2019-12-31;2021-06-30
C_29.00;3.0;2021-06-30;2023-06-30
C_29.00;3.2;2023-06-30;
C_29.00;4.2;2026-03-31;
C_30.00;2.9.1.1;2019-12-31;
C_31.00;2.9.1.1;2019-12-31;
C_32.01;2.9.1.1;2019-12-31;2021-06-30
C_32.01;3.0;2021-06-30;2023-06-30
C_32.01;3.2;2023-06-30;
C_32.01;4.0;2025-03-31;2026-06-30
C_32.01;4.2;2026-06-30;
C_32.02;2.9.1.1;2019-12-31;2021-06-30
C_32.02;3.0;2021-06-30;2023-06-30
C_32.02;3.2;2023-06-30;
C_32.02;4.0;2025-03-31;2026-06-30
C_32.02;4.2;2026-06-30;
C_32.03;2.9.1.1;2019-12-31;2021-06-30
C_32.03;3.0;2021-06-30;2023-06-30
C_32.03;3.2;2023-06-30;
C_32.03;4.0;2025-03-31;2026-06-30
C_32.03;4.2;2026-06-30;
C_32.04;2.9.1.1;2019-12-31;2021-06-30
C_32.04;3.0;2021-06-30;2023-06-30
C_32.04;3.2;2023-06-30;
C_32.04;4.0;2025-03-31;2026-06-30
C_32.04;4.2;2026-06-30;
C_33.00;2.9.1.1;2019-12-31;2021-06-30
C_33.00;3.0;2021-06-30;2023-06-30
C_33.00;3.2;2023-06-30;
C_33.00;4.0;2025-03-31;2026-06-30
C_33.00;4.2;2026-06-30;
C_34.01;3.0;2021-06-30;2023-06-30
C_34.01;3.2;2023-06-30;
C_34.01;4.0;2025-03-31;2026-06-30
C_34.01;4.2;2026-06-30;
C_34.02;3.0;2021-06-30;2023-06-30
C_34.02;3.1;2021-09-30;2023-06-30
C_34.02;3.2;2023-06-30;
C_34.02;4.0;2025-03-31;2026-03-31
C_34.02;4.0;2025-03-31;2026-06-30
C_34.02;4.2;2026-03-31;
C_34.02;4.2;2026-06-30;
C_34.03;3.0;2021-06-30;2023-06-30
C_34.03;3.2;2023-06-30;
C_34.03;4.0;2025-03-31;2026-06-30
C_34.03;4.2;2026-06-30;
C_34.04;3.0;2021-06-30;2023-06-30
C_34.04;3.2;2023-06-30;
C_34.04;4.0;2025-03-31;2026-06-30
C_34.04;4.2;2026-06-30;
C_34.05;3.0;2021-06-30;2023-06-30
C_34.05;3.2;2023-06-30;
C_34.05;4.0;2025-03-31;2026-06-30
C_34.05;4.2;2026-06-30;
C_34.06;3.0;2021-06-30;2023-06-30
C_34.06;3.2;2023-06-30;
C_34.06;4.0;2025-03-31;2026-06-30
C_34.06;4.2;2026-06-30;
C_34.07;3.0;2021-06-30;2023-06-30
C_34.07;3.2;2023-06-30;
C_34.07;4.0;2025-03-31;2026-06-30
C_34.07;4.2;2026-06-30;
C_34.08;3.0;2021-06-30;2023-06-30
C_34.08;3.2;2023-06-30;
C_34.08;4.0;2025-03-31;2026-06-30
C_34.08;4.2;2026-06-30;
C_34.09;3.0;2021-06-30;2023-06-30
C_34.09;3.2;2023-06-30;
C_34.09;4.0;2025-03-31;2026-06-30
C_34.09;4.2;2026-06-30;
C_34.10;3.0;2021-06-30;2023-06-30
C_34.10;3.2;2023-06-30;
C_34.10;4.0;2025-03-31;2026-06-30
C_34.10;4.2;2026-06-30;
C_34.11;3.0;2021-06-30;2023-06-30
C_34.11;3.2;2023-06-30;
C_34.11;4.0;2025-03-31;2026-06-30
C_34.11;4.2;2026-06-30;
C_35.01;3.0;2021-06-30;2023-06-30
C_35.01;3.2;2023-06-30;
C_35.01;4.0;2025-03-31;2026-06-30
C_35.01;4.2;2026-06-30;
C_35.02;3.0;2021-06-30;2023-06-30
C_35.02;3.2;2023-06-30;
C_35.02;4.0;2025-03-31;2026-06-30
C_35.02;4.2;2026-06-30;
C_35.03;3.0;2021-06-30;2023-06-30
C_35.03;3.2;2023-06-30;
C_35.03;4.0;2025-03-31;2026-06-30
C_35.03;4.2;2026-06-30;
C_36.00;4.0;2025-03-31;2026-06-30
C_36.00;4.2;2026-06-30;
C_40.00;2.9.1.1;2019-12-31;2021-06-30
C_40.00;3.0;2021-06-30;2023-06-30
C_40.00;3.2;2023-06-30;
C_40.00;4.0;2025-03-31;2026-03-31
C_40.00;4.2;2026-03-31;
C_41.00;2.9.1.1;2019-12-31;
C_42.00;2.9.1.1;2019-12-31;
C_43.00;2.9.1.1;2019-12-31;2021-06-30
C_43.00;3.0;2021-06-30;2023-06-30
C_43.00;3.2;2023-06-30;
C_43.00;4.0;2025-03-31;2026-03-31
C_43.00;4.2;2026-03-31;
C_44.00;2.9.1.1;2019-12-31;2021-06-30
C_44.00;3.0;2021-06-30;2023-06-30
C_44.00;3.2;2023-06-30;
C_44.00;4.0;2025-03-31;2026-03-31
C_44.00;4.2;2026-03-31;
C_47.00;2.9.1.1;2019-12-31;2021-06-30
C_47.00;3.0;2021-06-30;2023-06-30
C_47.00;3.2;2023-06-30;
C_47.00;4.0;2025-03-31;2026-03-31
C_47.00;4.2;2026-03-31;
C_48.01;3.0;2021-06-30;2023-06-30
C_48.01;3.2;2023-06-30;
C_48.01;4.0;2025-03-31;2026-03-31
C_48.01;4.2;2026-03-31;
C_48.02;3.0;2021-06-30;2023-06-30
C_48.02;3.2;2023-06-30;
C_48.02;4.0;2025-03-31;2026-03-31
C_48.02;4.2;2026-03-31;
C_51.00;2.9.1.1;2019-12-31;
C_52.00;2.9.1.1;2019-12-31;
C_53.00;2.9.1.1;2019-12-31;
C_54.00;2.9.1.1;2019-12-31;
C_60.00;2.9.1.1;2019-12-31;
C_61.00;2.9.1.1;2019-12-31;
C_66.01;4.2;2026-03-31;
C_66.01.a;2.9.1.1;2019-12-31;2021-06-30
C_66.01.a;3.0;2021-06-30;2023-06-30
C_66.01.a;3.2;2023-06-30;
C_66.01.b;2.9.1.1;2019-12-31;2021-06-30
C_66.01.b;3.0;2021-06-30;2023-06-30
C_66.01.b;3.2;2023-06-30;
C_66.01.c;2.9.1.1;2019-12-31;2021-06-30
C_66.01.c;3.0;2021-06-30;2023-06-30
C_66.01.c;3.2;2023-06-30;
C_66.01.w;2.9.1.1;2019-12-31;2021-06-30
C_66.01.w;3.0;2021-06-30;2023-06-30
C_66.01.w;3.2;2023-06-30;
C_66.01.x;2.9.1.1;2019-12-31;2021-06-30
C_66.01.x;3.0;2021-06-30;2023-06-30
C_66.01.x;3.2;2023-06-30;
C_66.01.y;2.9.1.1;2019-12-31;2021-06-30
C_66.01.y;3.0;2021-06-30;2023-06-30
C_66.01.y;3.2;2023-06-30;
C_67.00;2.9.1.1;2019-12-31;2021-06-30
C_67.00;3.0;2021-06-30;2023-06-30
C_67.00;3.2;2023-06-30;
C_67.00;4.2;2026-03-31;
C_68.00;2.9.1.1;2019-12-31;2021-06-30
C_68.00;3.0;2021-06-30;2023-06-30
C_68.00;3.2;2023-06-30;
C_68.00;4.2;2026-03-31;
C_69.00;2.9.1.1;2019-12-31;2021-06-30
C_69.00;3.0;2021-06-30;2023-06-30
C_69.00;3.2;2023-06-30;
C_69.00;4.2;2026-03-31;
C_70.00;2.9.1.1;2019-12-31;2021-06-30
C_70.00;3.0;2021-06-30;2023-06-30
C_70.00;3.2;2023-06-30;
C_70.00;4.2;2026-03-31;
C_71.00;2.9.1.1;2019-12-31;2021-06-30
C_71.00;3.0;2021-06-30;2023-06-30
C_71.00;3.2;2023-06-30;
C_71.00;4.2;2026-03-31;
C_72.00;2.9.1.1;2019-12-31;2021-06-30
C_72.00;3.0;2021-06-30;2023-06-30
C_72.00;3.2;2023-06-30;
C_72.00;4.2;2026-03-31;
C_73.00;2.9.1.1;2019-12-31;2021-06-30
C_73.00;3.0;2021-06-30;2023-06-30
C_73.00;3.2;2023-06-30;
C_73.00;4.2;2026-03-31;
C_74.00;2.9.1.1;2019-12-31;2021-06-30
C_74.00;3.0;2021-06-30;2023-06-30
C_74.00;3.2;2023-06-30;
C_74.00;4.2;2026-03-31;
C_75.01;2.9.1.1;2019-12-31;2021-06-30
C_75.01;3.0;2021-06-30;2023-06-30
C_75.01;3.2;2023-06-30;
C_75.01;4.2;2026-03-31;
C_76.00;2.9.1.1;2019-12-31;2021-06-30
C_76.00;3.0;2021-06-30;2023-06-30
C_76.00;3.2;2023-06-30;
C_76.00;4.2;2026-03-31;
C_77.00;2.9.1.1;2019-12-31;2021-06-30
C_77.00;3.0;2021-06-30;2023-06-30
C_77.00;3.2;2023-06-30;
C_77.00;4.2;2026-03-31;
C_80.00;3.0;2021-06-30;2023-06-30
C_80.00;3.2;2023-06-30;
C_80.00;4.2;2026-03-31;
C_81.00;3.0;2021-06-30;2023-06-30
C_81.00;3.2;2023-06-30;
C_81.00;4.2;2026-03-31;
C_82.00;3.0;2021-06-30;2023-06-30
C_82.00;3.2;2023-06-30;
C_82.00;4.2;2026-03-31;
C_83.00;3.0;2021-06-30;2023-06-30
C_83.00;3.2;2023-06-30;
C_83.00;4.2;2026-03-31;
C_84.00;3.0;2021-06-30;2023-06-30
C_84.00;3.2;2023-06-30;
C_84.00;4.2;2026-03-31;
C_90.00;3.0;2021-06-30;2023-06-30
C_90.00;3.2;2023-06-30;
C_90.00;4.2;2026-03-31;
C_91.00;3.0;2021-06-30;2023-06-30
C_91.00;3.2;2023-06-30;
C_91.00;4.2;2026-03-31;
C_101.00;2.9.1.1;2019-12-31;2020-12-31
C_101.00;2.10;2020-12-31;2021-09-30
C_101.00;3.1;2021-09-30;2022-12-31
C_101.00;3.2;2022-12-31;2023-09-30
C_101.00;3.3;2023-09-30;
C_101.00;4.2;2025-12-31;
C_102.00;2.9.1.1;2019-12-31;2020-12-31
C_102.00;2.10;2020-12-31;2021-09-30
C_102.00;3.1;2021-09-30;2022-12-31
C_102.00;3.2;2022-12-31;2023-09-30
C_102.00;3.3;2023-09-30;
C_102.00;4.2;2025-12-31;
C_103.00;2.9.1.1;2019-12-31;2020-12-31
C_103.00;2.10;2020-12-31;2021-09-30
C_103.00;3.1;2021-09-30;2022-12-31
C_103.00;3.2;2022-12-31;2023-09-30
C_103.00;3.3;2023-09-30;
C_103.00;4.2;2025-12-31;
C_105.01;2.9.1.1;2019-12-31;2020-12-31
C_105.01;2.10;2020-12-31;2021-09-30
C_105.01;3.1;2021-09-30;2022-12-31
C_105.01;3.2;2022-12-31;2023-09-30
C_105.01;3.3;2023-09-30;
C_105.01;4.2;2025-12-31;
C_105.02;2.9.1.1;2019-12-31;2020-12-31
C_105.02;2.10;2020-12-31;2021-09-30
C_105.02;3.1;2021-09-30;2022-12-31
C_105.02;3.2;2022-12-31;2023-09-30
C_105.02;3.3;2023-09-30;
C_105.02;4.2;2025-12-31;
C_105.03;2.9.1.1;2019-12-31;2020-12-31
C_105.03;2.10;2020-12-31;2021-09-30
C_105.03;3.1;2021-09-30;2022-12-31
C_105.03;3.2;2022-12-31;2023-09-30
C_105.03;3.3;2023-09-30;
C_105.03;4.2;2025-12-31;
C_106.00;2.9.1.1;2019-12-31;2020-09-30
C_106.00;2.10;2020-09-30;2021-09-30
C_106.00;3.1;2021-09-30;2022-09-30
C_106.00;3.2;2022-09-30;2023-09-30
C_106.00;3.3;2023-09-30;
C_106.00;4.2;2026-02-28;
C_106.01;3.1;2021-09-30;2022-09-30
C_106.01;3.2;2022-09-30;2023-09-30
C_106.01;3.3;2023-09-30;
C_106.01;4.2;2026-02-28;
C_106.02;4.2;2026-02-28;
C_107.01;2.9.1.1;2019-12-31;2020-12-31
C_107.01;2.10;2020-12-31;2021-09-30
C_107.01;3.1;2021-09-30;2022-12-31
C_107.01;3.2;2022-12-31;2023-09-30
C_107.01;3.3;2023-09-30;
C_107.01;4.2;2026-03-31;
C_107.02;2.9.1.1;2019-12-31;2020-12-31
C_107.02;2.10;2020-12-31;2021-09-30
C_107.02;3.1;2021-09-30;2022-12-31
C_107.02;3.2;2022-12-31;2023-09-30
C_107.02;3.3;2023-09-30;
C_107.02;4.2;2026-03-31;
C_108.00;2.9.1.1;2019-12-31;2020-12-31
C_108.00;2.10;2020-12-31;2021-09-30
C_108.00;3.1;2021-09-30;2022-12-31
C_108.00;3.2;2022-12-31;2023-09-30
C_108.00;3.3;2023-09-30;
C_108.00;4.2;2026-03-31;
C_109.01;2.9.1.1;2019-12-31;2020-12-31
C_109.01;2.10;2020-12-31;2021-09-30
C_109.01;3.1;2021-09-30;2022-12-31
C_109.01;3.2;2022-12-31;2023-09-30
C_109.01;3.3;2023-09-30;
C_109.01;4.2;2026-03-31;
C_109.02;2.9.1.1;2019-12-31;2020-12-31
C_109.02;2.10;2020-12-31;2021-09-30
C_109.02;3.1;2021-09-30;2022-12-31
C_109.02;3.2;2022-12-31;2023-09-30
C_109.02;3.3;2023-09-30;
C_109.02;4.2;2026-03-31;
C_109.03;2.9.1.1;2019-12-31;2020-12-31
C_109.03;2.10;2020-12-31;2021-09-30
C_109.03;3.1;2021-09-30;2022-12-31
C_109.03;3.2;2022-12-31;2023-09-30
C_109.03;3.3;2023-09-30;
C_109.03;4.2;2026-03-31;
C_110.01;2.9.1.1;2019-12-31;2020-12-31
C_110.01;2.10;2020-12-31;2021-09-30
C_110.01;3.1;2021-09-30;2022-12-31
C_110.01;3.2;2022-12-31;2023-09-30
C_110.01;3.3;2023-09-30;
C_110.01;4.2;2026-03-31;
C_110.02;2.9.1.1;2019-12-31;2020-12-31
C_110.02;2.10;2020-12-31;2021-09-30
C_110.02;3.1;2021-09-30;2022-12-31
C_110.02;3.2;2022-12-31;2023-09-30
C_110.02;3.3;2023-09-30;
C_110.02;4.2;2026-03-31;
C_110.03;2.9.1.1;2019-12-31;2020-12-31
C_110.03;2.10;2020-12-31;2021-09-30
C_110.03;3.1;2021-09-30;2022-12-31
C_110.03;3.2;2022-12-31;2023-09-30
C_110.03;3.3;2023-09-30;
C_110.03;4.2;2026-03-31;
C_111.00;2.10;2020-12-31;2021-09-30
C_111.00;3.1;2021-09-30;2022-12-31
C_111.00;3.2;2022-12-31;2023-09-30
C_111.00;3.3;2023-09-30;
C_111.00;4.2;2026-03-31;
C_112.00;2.10;2020-12-31;2021-09-30
C_112.00;3.1;2021-09-30;2022-12-31
C_112.00;3.2;2022-12-31;2023-09-30
C_112.00;3.3;2023-09-30;
C_112.00;4.2;2026-03-31;
C_113.00;2.10;2020-12-31;2021-09-30
C_113.00;3.1;2021-09-30;2022-12-31
C_113.00;3.2;2022-12-31;2023-09-30
C_113.00;3.3;2023-09-30;
C_113.00;4.2;2026-03-31;
C_114.00;2.10;2020-12-31;2021-09-30
C_114.00;3.1;2021-09-30;2022-12-31
C_114.00;3.2;2022-12-31;2023-09-30
C_114.00;3.3;2023-09-30;
C_114.00;4.2;2026-03-31;
C_115.00;3.3;2023-09-30;
C_115.00;4.2;2026-03-31;
C_116.00;3.3;2023-09-30;
C_116.00;4.2;2026-03-31;
C_117.00;3.3;2023-09-30;
C_117.00;4.2;2026-03-31;
C_118.00;3.3;2023-09-30;
C_118.00;4.2;2026-03-31;
C_120.01;3.1;2021-09-30;2022-12-31
C_120.01;3.2;2022-12-31;2023-09-30
C_120.01;3.3;2023-09-30;
C_120.01;4.2;2026-03-31;
C_120.02;3.1;2021-09-30;2022-12-31
C_120.02;3.2;2022-12-31;2023-09-30
C_120.02;3.3;2023-09-30;
C_120.02;4.2;2026-03-31;
C_120.03;3.1;2021-09-30;2022-12-31
C_120.03;3.2;2022-12-31;
C_120.04;3.3;2023-09-30;
C_120.04;4.2;2026-03-31;
C_120.05;3.3;2023-09-30;
C_120.05;4.2;2026-03-31;
C_120.06;3.3;2023-09-30;
C_120.06;4.2;2026-03-31;
D_01.00;3.3;2023-12-31;2025-06-30
D_01.00;4.1;2025-06-30;2026-03-31
D_01.00;4.2;2026-03-31;
D_02.00;3.3;2023-12-31;2025-06-30
D_02.00;4.1;2025-06-30;2026-03-31
D_02.00;4.2;2026-03-31;
D_03.01;3.3;2023-12-31;2025-06-30
D_03.01;4.1;2025-06-30;2026-03-31
D_03.01;4.2;2026-03-31;
D_03.02;3.3;2023-12-31;2025-06-30
D_03.02;4.1;2025-06-30;2026-03-31
D_03.02;4.2;2026-03-31;
D_04.00;3.3;2023-12-31;2025-06-30
D_04.00;4.1;2025-06-30;2026-03-31
D_04.00;4.2;2026-03-31;
D_05.00;3.3;2023-12-31;2025-06-30
D_05.00;4.1;2025-06-30;2026-03-31
D_05.00;4.2;2026-03-31;
D_06.00;3.3;2023-12-31;2025-06-30
D_06.00;4.1;2025-06-30;2026-03-31
D_06.00;4.2;2026-03-31;
D_07.00;3.3;2023-12-31;2025-06-30
D_07.00;4.1;2025-06-30;2026-03-31
D_07.00;4.2;2026-03-31;
D_08.00;3.3;2023-12-31;2025-06-30
D_08.00;4.1;2025-06-30;2026-03-31
D_08.00;4.2;2026-03-31;
D_09.01;3.3;2023-12-31;2025-06-30
D_09.01;4.1;2025-06-30;2026-03-31
D_09.01;4.2;2026-03-31;
D_09.02;3.3;2023-12-31;2025-06-30
D_09.02;4.1;2025-06-30;2026-03-31
D_09.02;4.2;2026-03-31;
D_09.03;3.3;2023-12-31;2025-06-30
D_09.03;4.1;2025-06-30;2026-03-31
D_09.03;4.2;2026-03-31;
D_10.00;3.3;2023-12-31;2025-06-30
D_10.00;4.1;2025-06-30;2026-03-31
D_10.00;4.2;2026-03-31;
E_00.01;2.10;2020-06-30;2022-12-31
E_00.01;3.2;2022-12-31;
F_00.01;2.9.1.1;2019-12-31;2021-06-30
F_00.01;3.0;2021-06-30;2022-12-31
F_00.01;3.2;2022-12-31;
F_00.01;4.2;2026-03-31;
F_00.01;4.2.1;2026-03-31;
F_01.01;2.9.1.1;2019-12-31;2021-06-30
F_01.01;3.0;2021-06-30;2022-12-31
F_01.01;3.2;2022-12-31;
F_01.01;4.2;2026-03-31;
F_01.01;4.2.1;2026-03-31;
F_01.01.dp;4.2.1;2026-03-31;
F_01.02;2.9.1.1;2019-12-31;2021-06-30
F_01.02;3.0;2021-06-30;2022-12-31
F_01.02;3.2;2022-12-31;
F_01.02;4.2;2026-03-31;
F_01.02;4.2.1;2026-03-31;
F_01.02.dp;4.2.1;2026-03-31;
F_01.03;2.9.1.1;2019-12-31;2021-06-30
F_01.03;3.0;2021-06-30;2022-12-31
F_01.03;3.2;2022-12-31;
F_01.03;4.2;2026-03-31;
F_01.03;4.2.1;2026-03-31;
F_01.03.dp;4.2.1;2026-03-31;
F_02.00;2.9.1.1;2019-12-31;2021-06-30
F_02.00;3.0;2021-06-30;2022-12-31
F_02.00;3.2;2022-12-31;
F_02.00;4.2;2026-03-31;
F_02.00;4.2.1;2026-03-31;
F_02.00.dp;4.2.1;2026-03-31;
F_03.00;2.9.1.1;2019-12-31;2021-06-30
F_03.00;3.0;2021-06-30;2022-12-31
F_03.00;3.2;2022-12-31;
F_03.00;4.2;2026-03-31;
F_03.00;4.2.1;2026-03-31;
F_04.01;2.9.1.1;2019-12-31;2021-06-30
F_04.01;3.0;2021-06-30;2022-12-31
F_04.01;3.2;2022-12-31;
F_04.01;4.2;2026-03-31;
F_04.01;4.2.1;2026-03-31;
F_04.02.1;2.9.1.1;2019-12-31;2021-06-30
F_04.02.1;3.0;2021-06-30;2022-12-31
F_04.02.1;3.2;2022-12-31;
F_04.02.1;4.2;2026-03-31;
F_04.02.1;4.2.1;2026-03-31;
F_04.02.2;2.9.1.1;2019-12-31;2021-06-30
F_04.02.2;3.0;2021-06-30;2022-12-31
F_04.02.2;3.2;2022-12-31;
F_04.02.2;4.2;2026-03-31;
F_04.02.2;4.2.1;2026-03-31;
F_04.03.1;2.9.1.1;2019-12-31;2021-06-30
F_04.03.1;3.0;2021-06-30;2022-12-31
F_04.03.1;3.2;2022-12-31;
F_04.03.1;4.2;2026-03-31;
F_04.03.1;4.2.1;2026-03-31;
F_04.04.1;2.9.1.1;2019-12-31;2021-06-30
F_04.04.1;3.0;2021-06-30;2022-12-31
F_04.04.1;3.2;2022-12-31;
F_04.04.1;4.2;2026-03-31;
F_04.04.1;4.2.1;2026-03-31;
F_04.05;2.9.1.1;2019-12-31;2021-06-30
F_04.05;3.0;2021-06-30;2022-12-31
F_04.05;3.2;2022-12-31;
F_04.05;4.2;2026-03-31;
F_04.05;4.2.1;2026-03-31;
F_04.06;2.9.1.1;2019-12-31;2021-06-30
F_04.06;3.0;2021-06-30;2022-12-31
F_04.06;3.2;2022-12-31;
F_04.06;4.2;2026-03-31;
F_04.06;4.2.1;2026-03-31;
F_04.07;2.9.1.1;2019-12-31;2021-06-30
F_04.07;3.0;2021-06-30;2022-12-31
F_04.07;3.2;2022-12-31;
F_04.07;4.2;2026-03-31;
F_04.07;4.2.1;2026-03-31;
F_04.08;2.9.1.1;2019-12-31;2021-06-30
F_04.08;3.0;2021-06-30;2022-12-31
F_04.08;3.2;2022-12-31;
F_04.08;4.2;2026-03-31;
F_04.08;4.2.1;2026-03-31;
F_04.09;2.9.1.1;2019-12-31;2021-06-30
F_04.09;3.0;2021-06-30;2022-12-31
F_04.09;3.2;2022-12-31;
F_04.09;4.2;2026-03-31;
F_04.09;4.2.1;2026-03-31;
F_04.10;2.9.1.1;2019-12-31;2021-06-30
F_04.10;3.0;2021-06-30;2022-12-31
F_04.10;3.2;2022-12-31;
F_04.10;4.2;2026-03-31;
F_04.10;4.2.1;2026-03-31;
F_05.01;2.9.1.1;2019-12-31;2021-06-30
F_05.01;3.0;2021-06-30;2022-12-31
F_05.01;3.2;2022-12-31;
F_05.01;4.2;2026-03-31;
F_05.01;4.2.1;2026-03-31;
F_05.01.dp;4.2.1;2026-03-31;
F_06.01;2.9.1.1;2019-12-31;2021-06-30
F_06.01;3.0;2021-06-30;2022-12-31
F_06.01;3.2;2022-12-31;
F_06.01;4.2;2026-03-31;
F_06.01;4.2.1;2026-03-31;
F_07.01;2.9.1.1;2019-12-31;2021-06-30
F_07.01;3.0;2021-06-30;2022-12-31
F_07.01;3.2;2022-12-31;
F_07.01;4.2;2026-03-31;
F_07.01;4.2.1;2026-03-31;
F_07.02;2.9.1.1;2019-12-31;2021-06-30
F_07.02;3.0;2021-06-30;2022-12-31
F_07.02;3.2;2022-12-31;
F_07.02;4.2;2026-03-31;
F_07.02;4.2.1;2026-03-31;
F_08.01;2.9.1.1;2019-12-31;2021-06-30
F_08.01;3.0;2021-06-30;2022-12-31
F_08.01;3.2;2022-12-31;
F_08.01;4.2;2026-03-31;
F_08.01;4.2.1;2026-03-31;
F_08.01.dp;4.2.1;2026-03-31;
F_08.02;2.9.1.1;2019-12-31;2021-06-30
F_08.02;3.0;2021-06-30;2022-12-31
F_08.02;3.2;2022-12-31;
F_08.02;4.2;2026-03-31;
F_08.02;4.2.1;2026-03-31;
F_08.02.dp;4.2.1;2026-03-31;
F_09.01;2.9.1.1;2019-12-31;2021-06-30
F_09.01;3.0;2021-06-30;2022-12-31
F_09.01;3.2;2022-12-31;
F_09.01;4.2;2026-03-31;
F_09.01;4.2.1;2026-03-31;
F_09.01.1;2.9.1.1;2019-12-31;2021-06-30
F_09.01.1;3.0;2021-06-30;2022-12-31
F_09.01.1;3.2;2022-12-31;
F_09.01.1;4.2;2026-03-31;
F_09.01.1;4.2.1;2026-03-31;
F_09.02;2.9.1.1;2019-12-31;2021-06-30
F_09.02;3.0;2021-06-30;2022-12-31
F_09.02;3.2;2022-12-31;
F_09.02;4.2;2026-03-31;
F_09.02;4.2.1;2026-03-31;
F_10.00;2.9.1.1;2019-12-31;2021-06-30
F_10.00;3.0;2021-06-30;2022-12-31
F_10.00;3.2;2022-12-31;
F_10.00;4.2;2026-03-31;
F_10.00;4.2.1;2026-03-31;
F_10.00.dp;4.2.1;2026-03-31;
F_11.01;2.9.1.1;2019-12-31;2021-06-30
F_11.01;3.0;2021-06-30;2022-12-31
F_11.01;3.2;2022-12-31;
F_11.01;4.2;2026-03-31;
F_11.01;4.2.1;2026-03-31;
F_11.01.dp;4.2.1;2026-03-31;
F_11.02;2.9.1.1;2019-12-31;2021-06-30
F_11.02;3.0;2021-06-30;2022-12-31
F_11.02;3.2;2022-12-31;
F_11.02;4.2;2026-03-31;
F_11.02;4.2.1;2026-03-31;
F_11.02.dp;4.2.1;2026-03-31;
F_11.03;2.9.1.1;2019-12-31;2021-06-30
F_11.03;3.0;2021-06-30;2022-12-31
F_11.03;3.2;2022-12-31;
F_11.03;4.2;2026-03-31;
F_11.03;4.2.1;2026-03-31;
F_11.03.1;2.9.1.1;2019-12-31;2021-06-30
F_11.03.1;3.0;2021-06-30;2022-12-31
F_11.03.1;3.2;2022-12-31;
F_11.03.1;4.2;2026-03-31;
F_11.03.1;4.2.1;2026-03-31;
F_11.04;2.9.1.1;2019-12-31;2021-06-30
F_11.04;3.0;2021-06-30;2022-12-31
F_11.04;3.2;2022-12-31;
F_11.04;4.2;2026-03-31;
F_11.04;4.2.1;2026-03-31;
F_12.00;2.9.1.1;2019-12-31;2021-06-30
F_12.00;3.0;2021-06-30;2022-12-31
F_12.00;3.2;2022-12-31;
F_12.00;4.2;2026-03-31;
F_12.00;4.2.1;2026-03-31;
F_12.01;2.9.1.1;2019-12-31;2021-06-30
F_12.01;3.0;2021-06-30;2022-12-31
F_12.01;3.2;2022-12-31;
F_12.01;4.2;2026-03-31;
F_12.01;4.2.1;2026-03-31;
F_12.02;2.9.1.1;2019-12-31;2021-06-30
F_12.02;3.0;2021-06-30;2022-12-31
F_12.02;3.2;2022-12-31;
F_12.02;4.2;2026-03-31;
F_12.02;4.2.1;2026-03-31;
F_13.01;2.9.1.1;2019-12-31;2021-06-30
F_13.01;3.0;2021-06-30;2022-12-31
F_13.01;3.2;2022-12-31;
F_13.01;4.2;2026-03-31;
F_13.01;4.2.1;2026-03-31;
F_13.02.1;2.9.1.1;2019-12-31;2021-06-30
F_13.02.1;3.0;2021-06-30;2022-12-31
F_13.02.1;3.2;2022-12-31;
F_13.02.1;4.2;2026-03-31;
F_13.02.1;4.2.1;2026-03-31;
F_13.03.1;2.9.1.1;2019-12-31;2021-06-30
F_13.03.1;3.0;2021-06-30;2022-12-31
F_13.03.1;3.2;2022-12-31;
F_13.03.1;4.2;2026-03-31;
F_13.03.1;4.2.1;2026-03-31;
F_14.00;2.9.1.1;2019-12-31;2021-06-30
F_14.00;3.0;2021-06-30;2022-12-31
F_14.00;3.2;2022-12-31;
F_14.00;4.2;2026-03-31;
F_14.00;4.2.1;2026-03-31;
F_15.00;2.9.1.1;2019-12-31;2021-06-30
F_15.00;3.0;2021-06-30;2022-12-31
F_15.00;3.2;2022-12-31;
F_15.00;4.2;2026-03-31;
F_15.00;4.2.1;2026-03-31;
F_16.01;2.9.1.1;2019-12-31;2021-06-30
F_16.01;3.0;2021-06-30;2022-12-31
F_16.01;3.2;2022-12-31;
F_16.01;4.2;2026-03-31;
F_16.01;4.2.1;2026-03-31;
F_16.02;2.9.1.1;2019-12-31;2021-06-30
F_16.02;3.0;2021-06-30;2022-12-31
F_16.02;3.2;2022-12-31;
F_16.02;4.2;2026-03-31;
F_16.02;4.2.1;2026-03-31;
F_16.03;2.9.1.1;2019-12-31;2021-06-30
F_16.03;3.0;2021-06-30;2022-12-31
F_16.03;3.2;2022-12-31;
F_16.03;4.2;2026-03-31;
F_16.03;4.2.1;2026-03-31;
F_16.04;2.9.1.1;2019-12-31;2021-06-30
F_16.04;3.0;2021-06-30;2022-12-31
F_16.04;3.2;2022-12-31;
F_16.04;4.2;2026-03-31;
F_16.04;4.2.1;2026-03-31;
F_16.04.1;2.9.1.1;2019-12-31;2021-06-30
F_16.04.1;3.0;2021-06-30;2022-12-31
F_16.04.1;3.2;2022-12-31;
F_16.04.1;4.2;2026-03-31;
F_16.04.1;4.2.1;2026-03-31;
F_16.05;2.9.1.1;2019-12-31;2021-06-30
F_16.05;3.0;2021-06-30;2022-12-31
F_16.05;3.2;2022-12-31;
F_16.05;4.2;2026-03-31;
F_16.05;4.2.1;2026-03-31;
F_16.06;2.9.1.1;2019-12-31;2021-06-30
F_16.06;3.0;2021-06-30;2022-12-31
F_16.06;3.2;2022-12-31;
F_16.06;4.2;2026-03-31;
F_16.06;4.2.1;2026-03-31;
F_16.07;2.9.1.1;2019-12-31;2021-06-30
F_16.07;3.0;2021-06-30;2022-12-31
F_16.07;3.2;2022-12-31;
F_16.07;4.2;2026-03-31;
F_16.07;4.2.1;2026-03-31;
F_16.08;2.9.1.1;2019-12-31;2021-06-30
F_16.08;3.0;2021-06-30;2022-12-31
F_16.08;3.2;2022-12-31;
F_16.08;4.2;2026-03-31;
F_16.08;4.2.1;2026-03-31;
F_17.01;2.9.1.1;2019-12-31;2021-06-30
F_17.01;3.0;2021-06-30;2022-12-31
F_17.01;3.2;2022-12-31;
F_17.01;4.2;2026-03-31;
F_17.01;4.2.1;2026-03-31;
F_17.02;2.9.1.1;2019-12-31;2021-06-30
F_17.02;3.0;2021-06-30;2022-12-31
F_17.02;3.2;2022-12-31;
F_17.02;4.2;2026-03-31;
F_17.02;4.2.1;2026-03-31;
F_17.03;2.9.1.1;2019-12-31;2021-06-30
F_17.03;3.0;2021-06-30;2022-12-31
F_17.03;3.2;2022-12-31;
F_17.03;4.2;2026-03-31;
F_17.03;4.2.1;2026-03-31;
F_18.00;2.9.1.1;2019-12-31;2021-06-30
F_18.00;3.0;2021-06-30;2022-12-31
F_18.00;3.2;2022-12-31;
F_18.00;4.2;2026-03-31;
F_18.00;4.2.1;2026-03-31;
F_18.00.a.dp;4.2.1;2026-03-31;
F_18.00.b.dp;4.2.1;2026-03-31;
F_18.00.e.dp;4.2.1;2026-03-31;
F_18.01;2.9.1.1;2019-12-31;2021-06-30
F_18.01;3.0;2021-06-30;2022-12-31
F_18.01;3.2;2022-12-31;
F_18.01;4.2;2026-03-31;
F_18.01;4.2.1;2026-03-31;
F_18.02;2.9.1.1;2019-12-31;2021-06-30
F_18.02;3.0;2021-06-30;2022-12-31
F_18.02;3.2;2022-12-31;
F_18.02;4.2;2026-03-31;
F_18.02;4.2.1;2026-03-31;
F_19.00;2.9.1.1;2019-12-31;2021-06-30
F_19.00;3.0;2021-06-30;2022-12-31
F_19.00;3.2;2022-12-31;
F_19.00;4.2;2026-03-31;
F_19.00;4.2.1;2026-03-31;
F_19.00.a.dp;4.2.1;2026-03-31;
F_19.00.d.dp;4.2.1;2026-03-31;
F_20.01;2.9.1.1;2019-12-31;2021-06-30
F_20.01;3.0;2021-06-30;2022-12-31
F_20.01;3.2;2022-12-31;
F_20.01;4.2;2026-03-31;
F_20.01;4.2.1;2026-03-31;
F_20.02;2.9.1.1;2019-12-31;2021-06-30
F_20.02;3.0;2021-06-30;2022-12-31
F_20.02;3.2;2022-12-31;
F_20.02;4.2;2026-03-31;
F_20.02;4.2.1;2026-03-31;
F_20.03;2.9.1.1;2019-12-31;2021-06-30
F_20.03;3.0;2021-06-30;2022-12-31
F_20.03;3.2;2022-12-31;
F_20.03;4.2;2026-03-31;
F_20.03;4.2.1;2026-03-31;
F_20.04;2.9.1.1;2019-12-31;2021-06-30
F_20.04;3.0;2021-06-30;2022-12-31
F_20.04;3.2;2022-12-31;
F_20.04;4.2;2026-03-31;
F_20.04;4.2.1;2026-03-31;
F_20.05;2.9.1.1;2019-12-31;2021-06-30
F_20.05;3.0;2021-06-30;2022-12-31
F_20.05;3.2;2022-12-31;
F_20.05;4.2;2026-03-31;
F_20.05;4.2.1;2026-03-31;
F_20.06;2.9.1.1;2019-12-31;2021-06-30
F_20.06;3.0;2021-06-30;2022-12-31
F_20.06;3.2;2022-12-31;
F_20.06;4.2;2026-03-31;
F_20.06;4.2.1;2026-03-31;
F_20.07.1;2.9.1.1;2019-12-31;2021-06-30
F_20.07.1;3.0;2021-06-30;2022-12-31
F_20.07.1;3.2;2022-12-31;
F_20.07.1;4.2;2026-03-31;
F_20.07.1;4.2.1;2026-03-31;
F_21.00;2.9.1.1;2019-12-31;2021-06-30
F_21.00;3.0;2021-06-30;2022-12-31
F_21.00;3.2;2022-12-31;
F_21.00;4.2;2026-03-31;
F_21.00;4.2.1;2026-03-31;
F_22.01;2.9.1.1;2019-12-31;2021-06-30
F_22.01;3.0;2021-06-30;2022-12-31
F_22.01;3.2;2022-12-31;
F_22.01;4.2;2026-03-31;
F_22.01;4.2.1;2026-03-31;
F_22.02;2.9.1.1;2019-12-31;2021-06-30
F_22.02;3.0;2021-06-30;2022-12-31
F_22.02;3.2;2022-12-31;
F_22.02;4.2;2026-03-31;
F_22.02;4.2.1;2026-03-31;
F_23.01;2.9.1.1;2019-12-31;2021-06-30
F_23.01;3.0;2021-06-30;2022-12-31
F_23.01;3.2;2022-12-31;
F_23.01;4.2;2026-03-31;
F_23.01;4.2.1;2026-03-31;
F_23.02;2.9.1.1;2019-12-31;2021-06-30
F_23.02;3.0;2021-06-30;2022-12-31
F_23.02;3.2;2022-12-31;
F_23.02;4.2;2026-03-31;
F_23.02;4.2.1;2026-03-31;
F_23.03;2.9.1.1;2019-12-31;2021-06-30
F_23.03;3.0;2021-06-30;2022-12-31
F_23.03;3.2;2022-12-31;
F_23.03;4.2;2026-03-31;
F_23.03;4.2.1;2026-03-31;
F_23.04;2.9.1.1;2019-12-31;2021-06-30
F_23.04;3.0;2021-06-30;2022-12-31
F_23.04;3.2;2022-12-31;
F_23.04;4.2;2026-03-31;
F_23.04;4.2.1;2026-03-31;
F_23.05;2.9.1.1;2019-12-31;2021-06-30
F_23.05;3.0;2021-06-30;2022-12-31
F_23.05;3.2;2022-12-31;
F_23.05;4.2;2026-03-31;
F_23.05;4.2.1;2026-03-31;
F_23.06;2.9.1.1;2019-12-31;2021-06-30
F_23.06;3.0;2021-06-30;2022-12-31
F_23.06;3.2;2022-12-31;
F_23.06;4.2;2026-03-31;
F_23.06;4.2.1;2026-03-31;
F_24.01;2.9.1.1;2019-12-31;2021-06-30
F_24.01;3.0;2021-06-30;2022-12-31
F_24.01;3.2;2022-12-31;
F_24.01;4.2;2026-03-31;
F_24.01;4.2.1;2026-03-31;
F_24.02;2.9.1.1;2019-12-31;2021-06-30
F_24.02;3.0;2021-06-30;2022-12-31
F_24.02;3.2;2022-12-31;
F_24.02;4.2;2026-03-31;
F_24.02;4.2.1;2026-03-31;
F_24.03;2.9.1.1;2019-12-31;2021-06-30
F_24.03;3.0;2021-06-30;2022-12-31
F_24.03;3.2;2022-12-31;
F_24.03;4.2;2026-03-31;
F_24.03;4.2.1;2026-03-31;
F_25.01;2.9.1.1;2019-12-31;2021-06-30
F_25.01;3.0;2021-06-30;2022-12-31
F_25.01;3.2;2022-12-31;
F_25.01;4.2;2026-03-31;
F_25.01;4.2.1;2026-03-31;
F_25.02;2.9.1.1;2019-12-31;2021-06-30
F_25.02;3.0;2021-06-30;2022-12-31
F_25.02;3.2;2022-12-31;
F_25.02;4.2;2026-03-31;
F_25.02;4.2.1;2026-03-31;
F_25.03;2.9.1.1;2019-12-31;2021-06-30
F_25.03;3.0;2021-06-30;2022-12-31
F_25.03;3.2;2022-12-31;
F_25.03;4.2;2026-03-31;
F_25.03;4.2.1;2026-03-31;
F_26.00;2.9.1.1;2019-12-31;2021-06-30
F_26.00;3.0;2021-06-30;2022-12-31
F_26.00;3.2;2022-12-31;
F_26.00;4.2;2026-03-31;
F_26.00;4.2.1;2026-03-31;
F_30.01;2.9.1.1;2019-12-31;2021-06-30
F_30.01;3.0;2021-06-30;2022-12-31
F_30.01;3.2;2022-12-31;
F_30.01;4.2;2026-03-31;
F_30.01;4.2.1;2026-03-31;
F_30.02;2.9.1.1;2019-12-31;2021-06-30
F_30.02;3.0;2021-06-30;2022-12-31
F_30.02;3.2;2022-12-31;
F_30.02;4.2;2026-03-31;
F_30.02;4.2.1;2026-03-31;
F_31.01;2.9.1.1;2019-12-31;2021-06-30
F_31.01;3.0;2021-06-30;2022-12-31
F_31.01;3.2;2022-12-31;
F_31.01;4.2;2026-03-31;
F_31.01;4.2.1;2026-03-31;
F_31.02;2.9.1.1;2019-12-31;2021-06-30
F_31.02;3.0;2021-06-30;2022-12-31
F_31.02;3.2;2022-12-31;
F_31.02;4.2;2026-03-31;
F_31.02;4.2.1;2026-03-31;
F_32.01;3.0.1;2021-06-30;2023-06-30
F_32.01;3.2;2023-06-30;2026-03-31
F_32.01;4.2;2026-03-31;
F_32.02;3.0.1;2021-06-30;2023-06-30
F_32.02;3.2;2023-06-30;2026-03-31
F_32.02;4.2;2026-03-31;
F_32.03;3.0.1;2021-06-30;2023-06-30
F_32.03;3.2;2023-06-30;2026-03-31
F_32.03;4.2;2026-03-31;
F_32.04;3.0.1;2021-06-30;2023-06-30
F_32.04;3.2;2023-06-30;2026-03-31
F_32.04;4.2;2026-03-31;
F_33.00;3.0.1;2021-06-30;2023-06-30
F_33.00;3.2;2023-06-30;2026-03-31
F_33.00;4.2;2026-03-31;
F_34.00;3.0.1;2021-06-30;2023-06-30
F_34.00;3.2;2023-06-30;2026-03-31
F_34.00;4.2;2026-03-31;
F_35.00;3.0.1;2021-06-30;2023-06-30
F_35.00;3.2;2023-06-30;2026-03-31
F_35.00;4.2;2026-03-31;
F_36.01;3.0.1;2021-06-30;2023-06-30
F_36.01;3.2;2023-06-30;2026-03-31
F_36.01;4.2;2026-03-31;
F_36.02;3.0.1;2021-06-30;2023-06-30
F_36.02;3.2;2023-06-30;2026-03-31
F_36.02;4.2;2026-03-31;
F_40.01;2.9.1.1;2019-12-31;2021-06-30
F_40.01;3.0;2021-06-30;2022-12-31
F_40.01;3.2;2022-12-31;
F_40.01;4.2;2026-03-31;
F_40.01;4.2.1;2026-03-31;
F_40.02;2.9.1.1;2019-12-31;2021-06-30
F_40.02;3.0;2021-06-30;2022-12-31
F_40.02;3.2;2022-12-31;
F_40.02;4.2;2026-03-31;
F_40.02;4.2.1;2026-03-31;
F_41.01;2.9.1.1;2019-12-31;2021-06-30
F_41.01;3.0;2021-06-30;2022-12-31
F_41.01;3.2;2022-12-31;
F_41.01;4.2;2026-03-31;
F_41.01;4.2.1;2026-03-31;
F_41.02;2.9.1.1;2019-12-31;2021-06-30
F_41.02;3.0;2021-06-30;2022-12-31
F_41.02;3.2;2022-12-31;
F_41.02;4.2;2026-03-31;
F_41.02;4.2.1;2026-03-31;
F_42.00;2.9.1.1;2019-12-31;2021-06-30
F_42.00;3.0;2021-06-30;2022-12-31
F_42.00;3.2;2022-12-31;
F_42.00;4.2;2026-03-31;
F_42.00;4.2.1;2026-03-31;
F_43.00;2.9.1.1;2019-12-31;2021-06-30
F_43.00;3.0;2021-06-30;2022-12-31
F_43.00;3.2;2022-12-31;
F_43.00;4.2;2026-03-31;
F_43.00;4.2.1;2026-03-31;
F_44.01;2.9.1.1;2019-12-31;2021-06-30
F_44.01;3.0;2021-06-30;2022-12-31
F_44.01;3.2;2022-12-31;
F_44.01;4.2;2026-03-31;
F_44.01;4.2.1;2026-03-31;
F_44.02;2.9.1.1;2019-12-31;2021-06-30
F_44.02;3.0;2021-06-30;2022-12-31
F_44.02;3.2;2022-12-31;
F_44.02;4.2;2026-03-31;
F_44.02;4.2.1;2026-03-31;
F_44.03;2.9.1.1;2019-12-31;2021-06-30
F_44.03;3.0;2021-06-30;2022-12-31
F_44.03;3.2;2022-12-31;
F_44.03;4.2;2026-03-31;
F_44.03;4.2.1;2026-03-31;
F_44.04;2.9.1.1;2019-12-31;2021-06-30
F_44.04;3.0;2021-06-30;2022-12-31
F_44.04;3.2;2022-12-31;
F_44.04;4.2;2026-03-31;
F_44.04;4.2.1;2026-03-31;
F_45.01;2.9.1.1;2019-12-31;2021-06-30
F_45.01;3.0;2021-06-30;2022-12-31
F_45.01;3.2;2022-12-31;
F_45.01;4.2;2026-03-31;
F_45.01;4.2.1;2026-03-31;
F_45.02;2.9.1.1;2019-12-31;2021-06-30
F_45.02;3.0;2021-06-30;2022-12-31
F_45.02;3.2;2022-12-31;
F_45.02;4.2;2026-03-31;
F_45.02;4.2.1;2026-03-31;
F_45.03;2.9.1.1;2019-12-31;2021-06-30
F_45.03;3.0;2021-06-30;2022-12-31
F_45.03;3.2;2022-12-31;
F_45.03;4.2;2026-03-31;
F_45.03;4.2.1;2026-03-31;
F_46.00;2.9.1.1;2019-12-31;2021-06-30
F_46.00;3.0;2021-06-30;2022-12-31
F_46.00;3.2;2022-12-31;
F_46.00;4.2;2026-03-31;
F_46.00;4.2.1;2026-03-31;
F_47.00;2.9.1.1;2019-12-31;2021-06-30
F_47.00;3.0;2021-06-30;2022-12-31
F_47.00;3.2;2022-12-31;
F_47.00;4.2;2026-03-31;
F_47.00;4.2.1;2026-03-31;
F_90.01;2.10;2020-06-30;2022-12-31
F_90.01;3.2;2022-12-31;
F_90.02;2.10;2020-06-30;2022-12-31
F_90.02;3.2;2022-12-31;
F_90.03;2.10;2020-06-30;2022-12-31
F_90.03;3.2;2022-12-31;
F_91.01;2.10;2020-06-30;2022-12-31
F_91.01;3.2;2022-12-31;
F_91.02;2.10;2020-06-30;2022-12-31
F_91.02;3.2;2022-12-31;
F_91.03;2.10;2020-06-30;2022-12-31
F_91.03;3.2;2022-12-31;
F_91.04;2.10;2020-06-30;2022-12-31
F_91.04;3.2;2022-12-31;
F_91.05;2.10;2020-06-30;2022-12-31
F_91.05;3.2;2022-12-31;
F_92.01;2.10;2020-06-30;2022-12-31
F_92.01;3.2;2022-12-31;
F_93.01;2.10;2020-06-30;2022-12-31
F_93.01;3.2;2022-12-31;
F_93.02;2.10;2020-06-30;2022-12-31
F_93.02;3.2;2022-12-31;
G_01.00;3.0.1;2021-06-30;2023-06-30
G_01.00;3.2;2023-06-30;2026-03-31
G_01.00;4.2;2026-03-31;
I_01.00;3.1;2021-09-30;2023-06-30
I_01.00;3.2;2023-06-30;
I_01.00;4.0;2025-03-31;2026-03-31
I_01.00;4.2;2026-03-31;
I_01.01;3.1;2021-09-30;2023-06-30
I_01.01;3.2;2023-06-30;
I_01.01;4.2;2026-03-31;
I_02.01;3.1;2021-09-30;2023-06-30
I_02.01;3.2;2023-06-30;
I_02.01;4.0;2025-03-31;2026-03-31
I_02.01;4.2;2026-03-31;
I_02.02;3.1;2021-09-30;2023-06-30
I_02.02;3.2;2023-06-30;
I_02.02;4.0;2025-03-31;2026-03-31
I_02.02;4.2;2026-03-31;
I_02.03;3.1;2021-09-30;2023-06-30
I_02.03;3.2;2023-06-30;
I_02.03;4.2;2026-03-31;
I_02.04;3.1;2021-09-30;2023-06-30
I_02.04;3.2;2023-06-30;
I_02.04;4.2;2026-03-31;
I_03.00;3.1;2021-09-30;2023-06-30
I_03.00;3.2;2023-06-30;
I_03.00;4.0;2025-03-31;2026-03-31
I_03.00;4.2;2026-03-31;
I_03.01;3.1;2021-09-30;2023-06-30
I_03.01;3.2;2023-06-30;
I_03.01;4.2;2026-03-31;
I_04.00;3.1;2021-09-30;2023-06-30
I_04.00;3.2;2023-06-30;
I_04.00;4.0;2025-03-31;2026-03-31
I_04.00;4.2;2026-03-31;
I_05.00;3.1;2021-09-30;2023-06-30
I_05.00;3.2;2023-06-30;
I_05.00;4.0;2025-03-31;2026-03-31
I_05.00;4.2;2026-03-31;
I_06.01;3.1;2021-09-30;2023-06-30
I_06.01;3.2;2023-06-30;
I_06.01;4.0;2025-03-31;2026-03-31
I_06.01;4.2;2026-03-31;
I_06.02;3.1;2021-09-30;2023-06-30
I_06.02;3.2;2023-06-30;
I_06.02;4.0;2025-03-31;2026-03-31
I_06.02;4.2;2026-03-31;
I_06.03;3.1;2021-09-30;2023-06-30
I_06.03;3.2;2023-06-30;
I_06.03;4.0;2025-03-31;2026-03-31
I_06.03;4.2;2026-03-31;
I_06.04;3.1;2021-09-30;2023-06-30
I_06.04;3.2;2023-06-30;
I_06.04;4.0;2025-03-31;2026-03-31
I_06.04;4.2;2026-03-31;
I_06.05;3.1;2021-09-30;2023-06-30
I_06.05;3.2;2023-06-30;
I_06.05;4.0;2025-03-31;2026-03-31
I_06.05;4.2;2026-03-31;
I_06.06;3.1;2021-09-30;2023-06-30
I_06.06;3.2;2023-06-30;
I_06.06;4.0;2025-03-31;2026-03-31
I_06.06;4.2;2026-03-31;
I_06.07;3.1;2021-09-30;2023-06-30
I_06.07;3.2;2023-06-30;
I_06.07;4.0;2025-03-31;2026-03-31
I_06.07;4.2;2026-03-31;
I_06.08;3.1;2021-09-30;2023-06-30
I_06.08;3.2;2023-06-30;
I_06.08;4.0;2025-03-31;2026-03-31
I_06.08;4.2;2026-03-31;
I_06.09;3.1;2021-09-30;2023-06-30
I_06.09;3.2;2023-06-30;
I_06.09;4.0;2025-03-31;2026-03-31
I_06.09;4.2;2026-03-31;
I_06.10;3.1;2021-09-30;2023-06-30
I_06.10;3.2;2023-06-30;
I_06.10;4.0;2025-03-31;2026-03-31
I_06.10;4.2;2026-03-31;
I_06.11;3.1;2021-09-30;2023-06-30
I_06.11;3.2;2023-06-30;
I_06.11;4.0;2025-03-31;2026-03-31
I_06.11;4.2;2026-03-31;
I_06.12;3.1;2021-09-30;2023-06-30
I_06.12;3.2;2023-06-30;
I_06.12;4.0;2025-03-31;2026-03-31
I_06.12;4.2;2026-03-31;
I_06.13;3.1;2021-09-30;2023-06-30
I_06.13;3.2;2023-06-30;
I_06.13;4.0;2025-03-31;2026-03-31
I_06.13;4.2;2026-03-31;
I_07.00;3.1;2021-09-30;2023-06-30
I_07.00;3.2;2023-06-30;
I_07.00;4.0;2025-03-31;2026-03-31
I_07.00;4.2;2026-03-31;
I_08.01;3.1;2021-09-30;2023-06-30
I_08.01;3.2;2023-06-30;
I_08.01;4.0;2025-03-31;2026-03-31
I_08.01;4.2;2026-03-31;
I_08.02;3.1;2021-09-30;2023-06-30
I_08.02;3.2;2023-06-30;
I_08.02;4.0;2025-03-31;2026-03-31
I_08.02;4.2;2026-03-31;
I_08.03;3.1;2021-09-30;2023-06-30
I_08.03;3.2;2023-06-30;
I_08.03;4.0;2025-03-31;2026-03-31
I_08.03;4.2;2026-03-31;
I_08.04;3.1;2021-09-30;2023-06-30
I_08.04;3.2;2023-06-30;
I_08.04;4.0;2025-03-31;2026-03-31
I_08.04;4.2;2026-03-31;
I_08.05;3.1;2021-09-30;2023-06-30
I_08.05;3.2;2023-06-30;
I_08.05;4.0;2025-03-31;2026-03-31
I_08.05;4.2;2026-03-31;
I_08.06;3.1;2021-09-30;2023-06-30
I_08.06;3.2;2023-06-30;
I_08.06;4.0;2025-03-31;2026-03-31
I_08.06;4.2;2026-03-31;
I_09.00;3.1;2021-09-30;2023-06-30
I_09.00;3.2;2023-06-30;
I_09.00;4.0;2025-03-31;2026-03-31
I_09.00;4.2;2026-03-31;
I_09.01;3.1;2021-09-30;2023-06-30
I_09.01;3.2;2023-06-30;
I_09.01;4.2;2026-03-31;
I_10.01;3.2;2023-06-30;
I_10.01;4.2;2026-03-31;
I_10.02;3.2;2023-06-30;
I_10.02;4.2;2026-03-31;
I_11.01;3.1;2021-09-30;2023-06-30
I_11.01;3.2;2023-06-30;
I_11.01;4.2;2026-03-31;
I_11.02;3.1;2021-09-30;2023-06-30
I_11.02;3.2;2023-06-30;
I_11.02;4.2;2026-03-31;
I_11.03;3.1;2021-09-30;2023-06-30
I_11.03;3.2;2023-06-30;
I_11.03;4.2;2026-03-31;
J_01.00;3.3;2023-12-31;2024-09-30
J_01.00;3.4;2024-09-30;2026-03-31
J_01.00;4.2;2026-03-31;
J_02.00;3.3;2023-12-31;2024-09-30
J_02.00;3.4;2024-09-30;2026-03-31
J_02.00;4.2;2026-03-31;
J_03.00;3.3;2023-12-31;2024-09-30
J_03.00;3.4;2024-09-30;2026-03-31
J_03.00;4.2;2026-03-31;
J_04.00;3.3;2023-12-31;2024-09-30
J_04.00;3.4;2024-09-30;2026-03-31
J_04.00;4.2;2026-03-31;
J_05.00;3.3;2023-12-31;2024-09-30
J_05.00;3.4;2024-09-30;2026-03-31
J_05.00;4.2;2026-03-31;
J_06.00;3.3;2023-12-31;2024-09-30
J_06.00;3.4;2024-09-30;2026-03-31
J_06.00;4.2;2026-03-31;
J_07.00;3.3;2023-12-31;2024-09-30
J_07.00;3.4;2024-09-30;2026-03-31
J_07.00;4.2;2026-03-31;
J_08.00;3.3;2023-12-31;2024-09-30
J_08.00;3.4;2024-09-30;2026-03-31
J_08.00;4.2;2026-03-31;
J_09.00;3.3;2023-12-31;2024-09-30
J_09.00;3.4;2024-09-30;2026-03-31
J_09.00;4.2;2026-03-31;
J_10.01;3.3;2023-12-31;2024-09-30
J_10.01;3.4;2024-09-30;2026-03-31
J_10.01;4.2;2026-03-31;
J_10.02;3.3;2023-12-31;2024-09-30
J_10.02;3.4;2024-09-30;2026-03-31
J_10.02;4.2;2026-03-31;
J_11.01;3.3;2023-12-31;2024-09-30
J_11.01;3.4;2024-09-30;2026-03-31
J_11.01;4.2;2026-03-31;
J_11.02;3.3;2023-12-31;2024-09-30
J_11.02;3.4;2024-09-30;2026-03-31
J_11.02;4.2;2026-03-31;
K_00.01;4.1;2025-06-30;2026-03-31
K_00.01;4.2;2026-03-31;
K_00.02;4.1;2025-06-30;2026-03-31
K_00.02;4.2;2026-03-31;
K_00.03;4.1;2025-06-30;2026-03-31
K_00.03;4.2;2026-03-31;
K_00.04;4.1;2025-06-30;2026-03-31
K_00.04;4.2;2026-03-31;
K_00.05;4.1;2025-06-30;2026-03-31
K_00.05;4.2;2026-03-31;
K_00.06;4.1;2025-06-30;2026-03-31
K_00.06;4.2;2026-03-31;
K_01.00;4.1;2025-06-30;2026-03-31
K_01.00;4.2;2026-03-31;
K_02.00;4.1;2025-06-30;2026-03-31
K_02.00;4.2;2026-03-31;
K_03.00;4.1;2025-06-30;2026-03-31
K_03.00;4.2;2026-03-31;
K_04.00;3.3;2023-12-31;
K_04.00;4.1;2025-06-30;2026-03-31
K_04.00;4.2;2026-03-31;
K_05.00;3.3;2023-12-31;
K_05.00;4.1;2025-06-30;2026-03-31
K_05.00;4.2;2026-03-31;
K_06.00;3.3;2023-12-31;
K_06.00;4.1;2025-06-30;2026-03-31
K_06.00;4.2;2026-03-31;
K_07.00;3.3;2023-12-31;
K_07.00;4.1;2025-06-30;2026-03-31
K_07.00;4.2;2026-03-31;
K_08.00;3.3;2023-12-31;
K_08.00;4.1;2025-06-30;2026-03-31
K_08.00;4.2;2026-03-31;
K_09.01;4.1;2025-06-30;2026-03-31
K_09.01;4.2;2026-03-31;
K_09.02;4.1;2025-06-30;2026-03-31
K_09.02;4.2;2026-03-31;
K_09.03;4.1;2025-06-30;2026-03-31
K_09.03;4.2;2026-03-31;
K_09.04;4.1;2025-06-30;2026-03-31
K_09.04;4.2;2026-03-31;
K_09.05;4.1;2025-06-30;2026-03-31
K_09.05;4.2;2026-03-31;
K_10.00;4.1;2025-06-30;2026-03-31
K_10.00;4.2;2026-03-31;
K_11.00;4.1;2025-06-30;2026-03-31
K_11.00;4.2;2026-03-31;
K_12.00;4.1;2025-06-30;2026-03-31
K_12.00;4.2;2026-03-31;
K_13.00;4.1;2025-06-30;2026-03-31
K_13.00;4.2;2026-03-31;
K_18.01;4.1;2025-06-30;2026-03-31
K_18.01;4.2;2026-03-31;
K_18.02;4.1;2025-06-30;2026-03-31
K_18.02;4.2;2026-03-31;
K_18.03;4.1;2025-06-30;2026-03-31
K_18.03;4.2;2026-03-31;
K_18.04;4.1;2025-06-30;2026-03-31
K_18.04;4.2;2026-03-31;
K_19.01;4.1;2025-06-30;2026-03-31
K_19.01;4.2;2026-03-31;
K_19.02;4.1;2025-06-30;2026-03-31
K_19.02;4.2;2026-03-31;
K_19.03;4.1;2025-06-30;2026-03-31
K_19.03;4.2;2026-03-31;
K_20.01;3.3;2023-12-31;
K_20.01;4.1;2025-06-30;2026-03-31
K_20.01;4.2;2026-03-31;
K_20.02;3.3;2023-12-31;
K_20.02;4.1;2025-06-30;2026-03-31
K_20.02;4.2;2026-03-31;
K_20.03;3.3;2023-12-31;
K_20.03;4.1;2025-06-30;2026-03-31
K_20.03;4.2;2026-03-31;
K_21.01.a;4.1;2025-06-30;2026-03-31
K_21.01.a;4.2;2026-03-31;
K_21.01.b;4.1;2025-06-30;2026-03-31
K_21.01.b;4.2;2026-03-31;
K_21.01.c;4.1;2025-06-30;2026-03-31
K_21.01.c;4.2;2026-03-31;
K_21.01.d;4.1;2025-06-30;2026-03-31
K_21.01.d;4.2;2026-03-31;
K_21.01.e;4.1;2025-06-30;2026-03-31
K_21.01.e;4.2;2026-03-31;
K_21.01.f;4.1;2025-06-30;2026-03-31
K_21.01.f;4.2;2026-03-31;
K_21.02;4.1;2025-06-30;2026-03-31
K_21.02;4.2;2026-03-31;
K_22.01;4.1;2025-06-30;2026-03-31
K_22.01;4.2;2026-03-31;
K_22.02.a;4.1;2025-06-30;2026-03-31
K_22.02.a;4.2;2026-03-31;
K_22.02.b;4.1;2025-06-30;2026-03-31
K_22.02.b;4.2;2026-03-31;
K_23.00;4.1;2025-06-30;
K_23.00;4.2;2026-03-31;
K_24.00;4.1;2025-06-30;2026-03-31
K_24.00;4.2;2026-03-31;
K_25.00;4.1;2025-06-30;2026-03-31
K_25.00;4.2;2026-03-31;
K_26.00;3.3;2023-12-31;
K_26.00;4.1;2025-06-30;2026-03-31
K_26.00;4.2;2026-03-31;
K_26.01;3.3;2023-12-31;
K_26.01;4.1;2025-06-30;2026-03-31
K_26.01;4.2;2026-03-31;
K_27.01;4.1;2025-06-30;2026-03-31
K_27.01;4.2;2026-03-31;
K_27.02.a;4.1;2025-06-30;2026-03-31
K_27.02.a;4.2;2026-03-31;
K_27.02.b;4.1;2025-06-30;2026-03-31
K_27.02.b;4.2;2026-03-31;
K_28.00;3.3;2023-12-31;
K_28.00;4.1;2025-06-30;2026-03-31
K_28.00;4.2;2026-03-31;
K_29.00;3.3;2023-12-31;
K_29.00;4.1;2025-06-30;2026-03-31
K_29.00;4.2;2026-03-31;
K_29.01;3.3;2023-12-31;
K_29.01;4.1;2025-06-30;2026-03-31
K_29.01;4.2;2026-03-31;
K_29.02.a;4.1;2025-06-30;2026-03-31
K_29.02.a;4.2;2026-03-31;
K_29.02.b;4.1;2025-06-30;2026-03-31
K_29.02.b;4.2;2026-03-31;
K_29.02.c;4.1;2025-06-30;2026-03-31
K_29.02.c;4.2;2026-03-31;
K_30.01;3.3;2023-12-31;
K_30.01;4.1;2025-06-30;2026-03-31
K_30.01;4.2;2026-03-31;
K_30.02;3.3;2023-12-31;
K_30.02;4.1;2025-06-30;2026-03-31
K_30.02;4.2;2026-03-31;
K_30.03;3.3;2023-12-31;
K_30.03;4.1;2025-06-30;2026-03-31
K_30.03;4.2;2026-03-31;
K_30.04;3.3;2023-12-31;
K_30.04;4.1;2025-06-30;2026-03-31
K_30.04;4.2;2026-03-31;
K_30.05;3.3;2023-12-31;
K_30.05;4.1;2025-06-30;2026-03-31
K_30.05;4.2;2026-03-31;
K_41.00;3.3;2023-12-31;
K_41.00;4.1;2025-06-30;2026-03-31
K_41.00;4.2;2026-03-31;
K_42.00;3.3;2023-12-31;
K_42.00;4.1;2025-06-30;2026-03-31
K_42.00;4.2;2026-03-31;
K_43.00;4.1;2025-06-30;2026-03-31
K_43.00;4.2;2026-03-31;
K_43.01;3.3;2023-12-31;
K_43.02;3.3;2023-12-31;
K_44.00;3.3;2023-12-31;
K_44.00;4.1;2025-06-30;2026-03-31
K_44.00;4.2;2026-03-31;
K_45.00;3.3;2023-12-31;
K_45.00;4.1;2025-06-30;2026-03-31
K_45.00;4.2;2026-03-31;
K_46.00;3.3;2023-12-31;
K_46.00;4.1;2025-06-30;2026-03-31
K_46.00;4.2;2026-03-31;
K_47.00;3.3;2023-12-31;
K_47.00;4.1;2025-06-30;2026-03-31
K_47.00;4.2;2026-03-31;
K_48.00;3.3;2023-12-31;
K_48.00;4.1;2025-06-30;2026-03-31
K_48.00;4.2;2026-03-31;
K_49.01;3.3;2023-12-31;
K_49.01;4.1;2025-06-30;2026-03-31
K_49.01;4.2;2026-03-31;
K_49.02;3.3;2023-12-31;
K_49.02;4.1;2025-06-30;2026-03-31
K_49.02;4.2;2026-03-31;
K_49.03;3.3;2023-12-31;
K_49.03;4.1;2025-06-30;2026-03-31
K_49.03;4.2;2026-03-31;
K_50.00;3.3;2023-12-31;
K_50.00;4.1;2025-06-30;2026-03-31
K_50.00;4.2;2026-03-31;
K_60.00;3.3;2023-12-31;
K_60.00;4.1;2025-06-30;2026-03-31
K_60.00;4.2;2026-03-31;
K_61.00;3.3;2023-12-31;
K_61.00;4.1;2025-06-30;2026-03-31
K_61.00;4.2;2026-03-31;
K_62.01;4.1;2025-06-30;2026-03-31
K_62.01;4.2;2026-03-31;
K_62.02;4.1;2025-06-30;2026-03-31
K_62.02;4.2;2026-03-31;
K_63.01;4.1;2025-06-30;2026-03-31
K_63.01;4.2;2026-03-31;
K_63.02;4.1;2025-06-30;2026-03-31
K_63.02;4.2;2026-03-31;
K_64.01.a;4.1;2025-06-30;2026-03-31
K_64.01.a;4.2;2026-03-31;
K_64.01.b;4.1;2025-06-30;2026-03-31
K_64.01.b;4.2;2026-03-31;
K_64.01.c;4.1;2025-06-30;2026-03-31
K_64.01.c;4.2;2026-03-31;
K_64.01.d;4.1;2025-06-30;2026-03-31
K_64.01.d;4.2;2026-03-31;
K_64.02;4.1;2025-06-30;2026-03-31
K_64.02;4.2;2026-03-31;
K_64.03.a;4.1;2025-06-30;2026-03-31
K_64.03.a;4.2;2026-03-31;
K_64.03.b;4.1;2025-06-30;2026-03-31
K_64.03.b;4.2;2026-03-31;
K_65.00;4.1;2025-06-30;2026-03-31
K_65.00;4.2;2026-03-31;
K_66.01.a;4.1;2025-06-30;2026-03-31
K_66.01.a;4.2;2026-03-31;
K_66.01.b;4.1;2025-06-30;2026-03-31
K_66.01.b;4.2;2026-03-31;
K_66.02.a;4.1;2025-06-30;2026-03-31
K_66.02.a;4.2;2026-03-31;
K_66.02.b;4.1;2025-06-30;2026-03-31
K_66.02.b;4.2;2026-03-31;
K_66.02.c;4.1;2025-06-30;2026-03-31
K_66.02.c;4.2;2026-03-31;
K_66.02.d;4.1;2025-06-30;2026-03-31
K_66.02.d;4.2;2026-03-31;
K_66.02.e;4.1;2025-06-30;2026-03-31
K_66.02.e;4.2;2026-03-31;
K_66.02.f;4.1;2025-06-30;2026-03-31
K_66.02.f;4.2;2026-03-31;
K_67.01;4.1;2025-06-30;2026-03-31
K_67.01;4.2;2026-03-31;
K_67.02;4.1;2025-06-30;2026-03-31
K_67.02;4.2;2026-03-31;
K_68.00;4.1;2025-06-30;2026-03-31
K_68.00;4.2;2026-03-31;
K_70.00;4.1;2025-06-30;2026-03-31
K_70.00;4.2;2026-03-31;
K_71.00;4.1;2025-06-30;2026-03-31
K_71.00;4.2;2026-03-31;
K_72.00;4.1;2025-06-30;2026-03-31
K_72.00;4.2;2026-03-31;
K_73.00;4.1;2025-06-30;2026-03-31
K_73.00;4.2;2026-03-31;
K_74.00;4.1;2025-06-30;2026-03-31
K_74.00;4.2;2026-03-31;
K_80.00.a;4.1;2025-06-30;2026-03-31
K_80.00.a;4.2;2026-03-31;
K_80.00.b;4.1;2025-06-30;2026-03-31
K_80.00.b;4.2;2026-03-31;
K_80.00.c;4.1;2025-06-30;2026-03-31
K_80.00.c;4.2;2026-03-31;
K_80.00.d;4.1;2025-06-30;2026-03-31
K_80.00.d;4.2;2026-03-31;
K_80.00.e;4.1;2025-06-30;2026-03-31
K_80.00.e;4.2;2026-03-31;
K_81.00;4.1;2025-06-30;2026-03-31
K_81.00;4.2;2026-03-31;
K_82.00.a;4.1;2025-06-30;2026-03-31
K_82.00.a;4.2;2026-03-31;
K_82.00.b;4.1;2025-06-30;2026-03-31
K_82.00.b;4.2;2026-03-31;
K_82.00.c;4.1;2025-06-30;2026-03-31
K_82.00.c;4.2;2026-03-31;
K_83.01.a;4.1;2025-06-30;2026-03-31
K_83.01.a;4.2;2026-03-31;
K_83.01.b;4.1;2025-06-30;2026-03-31
K_83.01.b;4.2;2026-03-31;
K_83.01.c;4.1;2025-06-30;2026-03-31
K_83.01.c;4.2;2026-03-31;
K_83.01.d;4.1;2025-06-30;2026-03-31
K_83.01.d;4.2;2026-03-31;
K_83.01.e;4.1;2025-06-30;2026-03-31
K_83.01.e;4.2;2026-03-31;
K_84.01;4.1;2025-06-30;2026-03-31
K_84.01;4.2;2026-03-31;
K_85.00;4.1;2025-06-30;2026-03-31
K_85.00;4.2;2026-03-31;
K_86.00;4.1;2025-06-30;2026-03-31
K_86.00;4.2;2026-03-31;
K_87.00.a;4.1;2025-06-30;2026-03-31
K_87.00.a;4.2;2026-03-31;
K_87.00.b;4.1;2025-06-30;2026-03-31
K_87.00.b;4.2;2026-03-31;
K_90.01;4.1;2025-06-30;2026-03-31
K_90.01;4.2;2026-03-31;
K_91.00;4.1;2025-06-30;2026-03-31
K_91.00;4.2;2026-03-31;
K_93.00;4.1;2025-06-30;2026-03-31
K_93.00;4.2;2026-03-31;
K_95.00;4.1;2025-06-30;2026-03-31
K_95.00;4.2;2026-03-31;
K_96.00;4.1;2025-06-30;2026-03-31
K_96.00;4.2;2026-03-31;
K_97.00;4.1;2025-06-30;2026-03-31
K_97.00;4.2;2026-03-31;
K_98.00;4.1;2025-06-30;2026-03-31
K_98.00;4.2;2026-03-31;
K_100.00;4.1;2025-06-30;2026-03-31
K_100.00;4.2;2026-03-31;
K_101.00;4.1;2025-06-30;2026-03-31
K_101.00;4.2;2026-03-31;
K_102.00;4.1;2025-06-30;2026-03-31
K_102.00;4.2;2026-03-31;
K_103.00;4.1;2025-06-30;2026-03-31
K_103.00;4.2;2026-03-31;
K_104.00;4.1;2025-06-30;2026-03-31
K_104.00;4.2;2026-03-31;
K_105.00;4.1;2025-06-30;2026-03-31
K_105.00;4.2;2026-03-31;
K_106.00;4.1;2025-06-30;2026-03-31
K_106.00;4.2;2026-03-31;
K_107.00;4.1;2025-06-30;2026-03-31
K_107.00;4.2;2026-03-31;
K_108.00;4.1;2025-06-30;2026-03-31
K_108.00;4.2;2026-03-31;
K_109.00;4.1;2025-06-30;2026-03-31
K_109.00;4.2;2026-03-31;
K_110.00;4.1;2025-06-30;2026-03-31
K_110.00;4.2;2026-03-31;
K_111.00;4.1;2025-06-30;2026-03-31
K_111.00;4.2;2026-03-31;
K_112.00;4.1;2025-06-30;2026-03-31
K_112.00;4.2;2026-03-31;
K_113.00;4.1;2025-06-30;2026-03-31
K_113.00;4.2;2026-03-31;
L_00.02;3.5;2024-12-31;2026-03-31
L_00.02;4.2;2026-03-31;
L_00.03;3.5;2024-12-31;2026-03-31
L_00.03;4.2;2026-03-31;
L_01.00;3.5;2024-12-31;2026-03-31
L_01.00;4.2;2026-03-31;
L_02.00;3.5;2024-12-31;2026-03-31
L_02.00;4.2;2026-03-31;
L_03.00;3.5;2024-12-31;2026-03-31
L_03.00;4.2;2026-03-31;
L_04.00;3.5;2024-12-31;2026-03-31
L_04.00;4.2;2026-03-31;
L_05.00;3.5;2024-12-31;2026-03-31
L_05.00;4.2;2026-03-31;
L_06.00;3.5;2024-12-31;2026-03-31
L_06.00;4.2;2026-03-31;
L_07.01;3.5;2024-12-31;2026-03-31
L_07.01;4.2;2026-03-31;
L_07.02;3.5;2024-12-31;2026-03-31
L_07.02;4.2;2026-03-31;
L_07.03;3.5;2024-12-31;2026-03-31
L_07.03;4.2;2026-03-31;
L_08.01;3.5;2024-12-31;2026-03-31
L_08.01;4.2;2026-03-31;
L_08.02;3.5;2024-12-31;2026-03-31
L_08.02;4.2;2026-03-31;
M_01.00;3.0.1;2021-06-30;2022-12-31
M_01.00;3.2;2022-12-31;2024-12-31
M_01.00;3.5;2024-12-31;2026-03-31
M_01.00;4.2;2026-03-31;
M_02.00;3.0.1;2021-06-30;2022-12-31
M_02.00;3.2;2022-12-31;2024-12-31
M_02.00;3.5;2024-12-31;2026-03-31
M_02.00;4.2;2026-03-31;
M_03.00;3.0.1;2021-06-30;2022-12-31
M_03.00;3.2;2022-12-31;2024-12-31
M_03.00;3.5;2024-12-31;2026-03-31
M_03.00;4.2;2026-03-31;
M_04.00;3.0.1;2021-06-30;2022-12-31
M_04.00;3.2;2022-12-31;2024-12-31
M_04.00;3.5;2024-12-31;2026-03-31
M_04.00;4.2;2026-03-31;
M_05.00;3.0.1;2021-06-30;2022-12-31
M_05.00;3.2;2022-12-31;2024-12-31
M_05.00;3.5;2024-12-31;2026-03-31
M_05.00;4.2;2026-03-31;
M_06.00;3.0.1;2021-06-30;2022-12-31
M_06.00;3.2;2022-12-31;2024-12-31
M_06.00;3.5;2024-12-31;2026-03-31
M_06.00;4.2;2026-03-31;
M_07.00;3.0.1;2021-06-30;2022-12-31
M_07.00;3.2;2022-12-31;2024-12-31
M_07.00;3.5;2024-12-31;2026-03-31
M_07.00;4.2;2026-03-31;
M_20.00;3.0.1;2021-06-30;2022-12-31
M_20.00;3.2;2022-12-31;2025-12-31
M_20.00;4.2;2025-12-31;
N_01.00;3.0.1;2021-06-30;2022-12-31
N_01.00;3.2;2022-12-31;2026-03-31
N_01.00;4.2;2026-03-31;
N_01.01;3.0.1;2021-06-30;2022-12-31
N_01.01;3.2;2022-12-31;2026-03-31
N_01.01;4.2;2026-03-31;
N_01.02;3.0.1;2021-06-30;2022-12-31
N_01.02;3.2;2022-12-31;2026-03-31
N_01.02;4.2;2026-03-31;
N_02.00;3.0.1;2021-06-30;2022-12-31
N_02.00;3.2;2022-12-31;2026-03-31
N_02.00;4.2;2026-03-31;
P_00.01;2.10.1;2020-12-31;2022-12-31
P_00.01;3.2;2022-12-31;2026-03-31
P_00.01;4.2;2026-03-31;
P_01.01;2.10.1;2020-12-31;2022-12-31
P_01.01;3.2;2022-12-31;2026-03-31
P_01.01;4.2;2026-03-31;
P_01.02;2.10.1;2020-12-31;2022-12-31
P_01.02;3.2;2022-12-31;2026-03-31
P_01.02;4.2;2026-03-31;
P_01.03;2.10.1;2020-12-31;2022-12-31
P_01.03;3.2;2022-12-31;2026-03-31
P_01.03;4.2;2026-03-31;
P_02.01;2.10.1;2020-12-31;2022-12-31
P_02.01;3.2;2022-12-31;2026-03-31
P_02.01;4.2;2026-03-31;
P_02.02;2.10.1;2020-12-31;2022-12-31
P_02.02;3.2;2022-12-31;2026-03-31
P_02.02;4.2;2026-03-31;
P_02.03;2.10.1;2020-12-31;2022-12-31
P_02.03;3.2;2022-12-31;2026-03-31
P_02.03;4.2;2026-03-31;
P_02.04;2.10.1;2020-12-31;2022-12-31
P_02.04;3.2;2022-12-31;2026-03-31
P_02.04;4.2;2026-03-31;
P_02.05;2.10.1;2020-12-31;2022-12-31
P_02.05;3.2;2022-12-31;2026-03-31
P_02.05;4.2;2026-03-31;
P_02.06;2.10.1;2020-12-31;2022-12-31
P_02.06;3.2;2022-12-31;2026-03-31
P_02.06;4.2;2026-03-31;
P_02.07;2.10.1;2020-12-31;2022-12-31
P_02.07;3.2;2022-12-31;2026-03-31
P_02.07;4.2;2026-03-31;
P_02.08;2.10.1;2020-12-31;2022-12-31
P_02.08;3.2;2022-12-31;2026-03-31
P_02.08;4.2;2026-03-31;
P_04.01;2.10.1;2020-12-31;2022-12-31
P_04.01;3.2;2022-12-31;2026-03-31
P_04.01;4.2;2026-03-31;
P_04.02;2.10.1;2020-12-31;2022-12-31
P_04.02;3.2;2022-12-31;2026-03-31
P_04.02;4.2;2026-03-31;
P_05.00;2.10.1;2020-12-31;2022-12-31
P_05.00;3.2;2022-12-31;2026-03-31
P_05.00;4.2;2026-03-31;
Q_00.01;4.0;2025-03-31;
Q_00.01;4.1;2025-06-30;2026-03-31
Q_00.01;4.2;2026-03-31;
Q_01.00;4.0;2025-03-31;
Q_01.00;4.1;2025-06-30;2026-03-31
Q_01.00;4.2;2026-03-31;
Q_02.00;4.0;2025-03-31;
Q_02.00;4.1;2025-06-30;2026-03-31
Q_02.00;4.2;2026-03-31;
Q_03.01;4.0;2025-03-31;
Q_03.01;4.1;2025-06-30;2026-03-31
Q_03.01;4.2;2026-03-31;
Q_03.02;4.0;2025-03-31;
Q_03.02;4.1;2025-06-30;2026-03-31
Q_03.02;4.2;2026-03-31;
Q_03.03;4.1;2025-06-30;2026-03-31
Q_03.03;4.2;2026-03-31;
Q_04.01;4.0;2025-03-31;
Q_04.01;4.1;2025-06-30;2026-03-31
Q_04.01;4.2;2026-03-31;
Q_04.02;4.0;2025-03-31;
Q_04.02;4.1;2025-06-30;2026-03-31
Q_04.02;4.2;2026-03-31;
Q_04.03;4.0;2025-03-31;
Q_04.03;4.1;2025-06-30;2026-03-31
Q_04.03;4.2;2026-03-31;
Q_04.04;4.0;2025-03-31;
Q_04.04;4.1;2025-06-30;2026-03-31
Q_04.04;4.2;2026-03-31;
Q_05.00;4.0;2025-03-31;
Q_05.00;4.1;2025-06-30;2026-03-31
Q_05.00;4.2;2026-03-31;
Q_09.01;4.1;2025-06-30;2026-03-31
Q_09.01;4.2;2026-03-31;
Q_09.02;4.1;2025-06-30;2026-03-31
Q_09.02;4.2;2026-03-31;
Q_10.01;4.1;2025-06-30;2026-03-31
Q_10.01;4.2;2026-03-31;
Q_10.02;4.1;2025-06-30;2026-03-31
Q_10.02;4.2;2026-03-31;
Q_10.03;4.1;2025-06-30;2026-03-31
Q_10.03;4.2;2026-03-31;
R_01.00;2.10;2020-12-31;2021-06-30
R_01.00;3.0.1;2021-06-30;2022-12-31
R_01.00;3.2;2022-12-31;
R_01.00;4.2;2026-03-31;
R_01.01;3.2;2022-12-31;
R_01.01;4.2;2026-03-31;
R_02.00;2.10;2020-12-31;2021-06-30
R_02.00;3.0.1;2021-06-30;2022-12-31
R_02.00;3.2;2022-12-31;
R_02.00;4.2;2026-03-31;
R_02.01;3.2;2022-12-31;
R_02.01;4.2;2026-03-31;
R_02.02;3.2;2022-12-31;
R_02.02;4.2;2026-03-31;
R_03.00;2.10;2020-12-31;2021-06-30
R_03.00;3.0.1;2021-06-30;2022-12-31
R_03.00;3.2;2022-12-31;
R_03.00;4.2;2026-03-31;
R_04.00;2.10;2020-12-31;2021-06-30
R_04.00;3.0.1;2021-06-30;2022-12-31
R_04.00;3.2;2022-12-31;
R_04.00;4.2;2026-03-31;
R_04.01;3.2;2022-12-31;
R_04.01;4.2;2026-03-31;
R_05.00;3.2;2022-12-31;
R_05.00;4.2;2026-03-31;
R_05.01;3.2;2022-12-31;
R_05.01;4.2;2026-03-31;
R_06.00;3.2;2023-12-31;
R_06.00;4.2;2026-03-31;
R_06.01;3.2;2022-12-31;
R_06.01;4.2;2026-03-31;
R_07.00;3.2;2022-12-31;2026-03-31
R_07.00;4.2;2026-03-31;
R_08.00;3.2;2022-12-31;2026-03-31
R_08.00;4.2;2026-03-31;
R_09.00;3.2;2022-12-31;
R_09.00;4.2;2026-03-31;
R_10.00;3.2;2022-12-31;
R_10.00;4.2;2026-03-31;
R_11.00;3.2;2022-12-31;
R_11.00;4.2;2026-03-31;
R_12.00;3.2;2022-12-31;
R_12.00;4.2;2026-03-31;
R_13.00;3.5;2024-12-31;
R_13.00;4.2;2026-03-31;
R_14.00;3.5;2024-12-31;
R_14.00;4.2;2026-03-31;
R_15.00;3.5;2024-12-31;
R_15.00;4.2;2026-03-31;
R_16.00;3.5;2024-12-31;
R_16.00;4.2;2026-03-31;
R_17.00;3.5;2024-12-31;
R_17.00;4.2;2026-03-31;
R_18.00;3.5;2024-12-31;
R_18.00;4.2;2026-03-31;
R_19.00;3.5;2024-12-31;
R_19.00;4.2;2026-03-31;
R_20.00;3.5;2024-12-31;
R_20.00;4.2;2026-03-31;
R_21.00;3.5;2024-12-31;
R_21.00;4.2;2026-03-31;
R_22.01;3.5;2024-12-31;
R_22.01;4.2;2026-03-31;
R_22.02;3.5;2024-12-31;
R_22.02;4.2;2026-03-31;
R_22.03;3.5;2024-12-31;
R_22.03;4.2;2026-03-31;
R_23.00;3.5;2024-12-31;
R_23.00;4.2;2026-03-31;
S_00.01;2.9.1.1;2019-12-31;2020-12-31
S_00.01;2.10;2020-12-31;2021-09-30
S_00.01;3.1;2021-09-30;2022-12-31
S_00.01;3.2;2022-12-31;2023-09-30
S_00.01;3.3;2023-09-30;
S_00.01;4.2;2025-12-31;
S_00.01;4.2;2026-02-28;
S_00.01;4.2;2026-03-31;
S_01.01;4.2;2022-12-31;
S_01.02;4.2;2022-12-31;
S_02.01;4.2;2022-12-31;
S_02.02;4.2;2022-12-31;
S_03.00;4.2;2022-12-31;
S_04.00;4.2;2022-12-31;
T_01.00;2.9.1.1;2019-12-31;2020-12-31
T_01.00;2.10;2020-12-31;2021-09-30
T_01.00;3.1;2021-09-30;2022-12-31
T_01.00;3.2;2022-12-31;
T_02.00;2.9.1.1;2019-12-31;2020-12-31
T_02.00;2.10;2020-12-31;2021-09-30
T_02.00;3.1;2021-09-30;2022-12-31
T_02.00;3.2;2022-12-31;
T_03.01;2.9.1.1;2019-12-31;2020-12-31
T_03.01;2.10;2020-12-31;2021-09-30
T_03.01;3.1;2021-09-30;2022-12-31
T_03.01;3.2;2022-12-31;
T_03.02;2.9.1.1;2019-12-31;2020-12-31
T_03.02;2.10;2020-12-31;2021-09-30
T_03.02;3.1;2021-09-30;2022-12-31
T_03.02;3.2;2022-12-31;
T_03.03;2.9.1.1;2019-12-31;2020-12-31
T_03.03;2.10;2020-12-31;2021-09-30
T_03.03;3.1;2021-09-30;2022-12-31
T_03.03;3.2;2022-12-31;
T_04.00;2.9.1.1;2019-12-31;2020-12-31
T_04.00;2.10;2020-12-31;2021-09-30
T_04.00;3.1;2021-09-30;2022-12-31
T_04.00;3.2;2022-12-31;
T_05.01;2.9.1.1;2019-12-31;2020-12-31
T_05.01;2.10;2020-12-31;2021-09-30
T_05.01;3.1;2021-09-30;2022-12-31
T_05.01;3.2;2022-12-31;
T_06.01;2.9.1.1;2019-12-31;2020-12-31
T_06.01;2.10;2020-12-31;2021-09-30
T_06.01;3.1;2021-09-30;2022-12-31
T_06.01;3.2;2022-12-31;
T_07.00;2.9.1.1;2019-12-31;2020-12-31
T_07.00;2.10;2020-12-31;2021-09-30
T_07.00;3.1;2021-09-30;2022-12-31
T_07.00;3.2;2022-12-31;
T_08.00;2.9.1.1;2019-12-31;2020-12-31
T_08.00;2.10;2020-12-31;2021-09-30
T_08.00;3.1;2021-09-30;2022-12-31
T_08.00;3.2;2022-12-31;
T_09.00;2.9.1.1;2019-12-31;2020-12-31
T_09.00;2.10;2020-12-31;2021-09-30
T_09.00;3.1;2021-09-30;2022-12-31
T_09.00;3.2;2022-12-31;
T_12.00;2.9.1.1;2019-12-31;2020-12-31
T_12.00;2.10;2020-12-31;2021-09-30
T_12.00;3.1;2021-09-30;2022-12-31
T_12.00;3.2;2022-12-31;
T_20.01;2.9.1.1;2019-12-31;2020-12-31
T_20.01;2.10;2020-12-31;2021-09-30
T_20.01;3.1;2021-09-30;2022-12-31
T_20.01;3.2;2022-12-31;
T_20.02;2.9.1.1;2019-12-31;2020-12-31
T_20.02;2.10;2020-12-31;2021-09-30
T_20.02;3.1;2021-09-30;2022-12-31
T_20.02;3.2;2022-12-31;
T_20.03;2.9.1.1;2019-12-31;2020-12-31
T_20.03;2.10;2020-12-31;2021-09-30
T_20.03;3.1;2021-09-30;2022-12-31
T_20.03;3.2;2022-12-31;
T_20.04;2.9.1.1;2019-12-31;2020-12-31
T_20.04;2.10;2020-12-31;2021-09-30
T_20.04;3.1;2021-09-30;2022-12-31
T_20.04;3.2;2022-12-31;
T_20.05;2.9.1.1;2019-12-31;2020-12-31
T_20.05;2.10;2020-12-31;2021-09-30
T_20.05;3.1;2021-09-30;2022-12-31
T_20.05;3.2;2022-12-31;
T_30.00;2.9.1.1;2019-12-31;2020-12-31
T_30.00;2.10;2020-12-31;2021-09-30
T_30.00;3.1;2021-09-30;2022-12-31
T_30.00;3.2;2022-12-31;
T_31.00;2.9.1.1;2019-12-31;2020-12-31
T_31.00;2.10;2020-12-31;2021-09-30
T_31.00;3.1;2021-09-30;2022-12-31
T_31.00;3.2;2022-12-31;
T_32.00;2.9.1.1;2019-12-31;2020-12-31
T_32.00;2.10;2020-12-31;2021-09-30
T_32.00;3.1;2021-09-30;2022-12-31
T_32.00;3.2;2022-12-31;
T_33.00;2.9.1.1;2019-12-31;2020-12-31
T_33.00;2.10;2020-12-31;2021-09-30
T_33.00;3.1;2021-09-30;2022-12-31
T_33.00;3.2;2022-12-31;
T_98.00;2.9.1.1;2019-12-31;2020-12-31
T_98.00;2.10;2020-12-31;2021-09-30
T_98.00;3.1;2021-09-30;2022-12-31
T_98.00;3.2;2022-12-31;
T_99.00;2.9.1.1;2019-12-31;2020-12-31
T_99.00;2.10;2020-12-31;2021-09-30
T_99.00;3.1;2021-09-30;2022-12-31
T_99.00;3.2;2022-12-31;
U_01.00;3.3;2023-12-31;2026-03-31
U_01.00;4.2;2026-03-31;
U_02.00;3.3;2023-12-31;
X_01.00;4.1;2025-06-30;2026-03-31
X_01.00;4.2;2026-03-31;
Y_01.01;2.10;2020-12-31;2022-12-31
Y_01.01;3.2;2022-12-31;
Y_01.01;4.2;2026-03-31;
Y_01.02;2.10;2020-12-31;2022-12-31
Y_01.02;3.2;2022-12-31;
Y_01.02;4.2;2026-03-31;
Y_02.01;2.10;2020-12-31;2022-12-31
Y_02.01;3.2;2022-12-31;
Y_02.01;4.2;2026-03-31;
Y_02.02;2.10;2020-12-31;2022-12-31
Y_02.02;3.2;2022-12-31;
Y_02.02;4.2;2026-03-31;
Y_03.01;2.10;2020-12-31;2022-12-31
Y_03.01;3.2;2022-12-31;
Y_03.01;4.2;2026-03-31;
Y_03.02;2.10;2020-12-31;2022-12-31
Y_03.02;3.2;2022-12-31;
Y_03.02;4.2;2026-03-31;
Y_04.01;2.10;2020-12-31;2022-12-31
Y_04.01;3.2;2022-12-31;
Y_04.01;4.2;2026-03-31;
Y_04.02;2.10;2020-12-31;2022-12-31
Y_04.02;3.2;2022-12-31;
Y_04.02;4.2;2026-03-31;
Y_05.01;2.10;2020-12-31;2022-12-31
Y_05.01;3.2;2022-12-31;
Y_05.01;4.2;2026-03-31;
Y_05.02;2.10;2020-12-31;2022-12-31
Y_05.02;3.2;2022-12-31;
Y_05.02;4.2;2026-03-31;
Y_06.01;2.10;2020-12-31;2022-12-31
Y_06.01;3.2;2022-12-31;
Y_06.01;4.2;2026-03-31;
Y_06.02;2.10;2020-12-31;2022-12-31
Y_06.02;3.2;2022-12-31;
Y_06.02;4.2;2026-03-31;
Y_07.01;2.10;2020-12-31;2022-12-31
Y_07.01;3.2;2022-12-31;
Y_07.01;4.2;2026-03-31;
Y_08.01;2.10;2020-12-31;2022-12-31
Y_08.01;3.2;2022-12-31;
Y_08.01;4.2;2026-03-31;
Z_01.00;2.9.1.1;2019-12-31;2020-12-31
Z_01.00;2.10;2020-12-31;2021-09-30
Z_01.00;3.1;2021-09-30;2022-12-31
Z_01.00;3.2;2022-12-31;
Z_01.01;4.2;2025-12-31;
Z_01.02;4.2;2025-12-31;
Z_02.00;2.9.1.1;2019-12-31;2020-12-31
Z_02.00;2.10;2020-12-31;2021-09-30
Z_02.00;3.1;2021-09-30;2022-12-31
Z_02.00;3.2;2022-12-31;
Z_02.00;4.2;2025-12-31;
Z_03.00;2.9.1.1;2019-12-31;2020-12-31
Z_03.00;2.10;2020-12-31;2021-09-30
Z_03.00;3.1;2021-09-30;2022-12-31
Z_03.00;3.2;2022-12-31;
Z_03.01;4.2;2025-12-31;
Z_03.02;4.2;2025-12-31;
Z_04.00;2.9.1.1;2019-12-31;2020-12-31
Z_04.00;2.10;2020-12-31;2021-09-30
Z_04.00;3.1;2021-09-30;2022-12-31
Z_04.00;3.2;2022-12-31;
Z_04.00;4.2;2025-12-31;
Z_05.01;2.9.1.1;2019-12-31;2020-12-31
Z_05.01;2.10;2020-12-31;2021-09-30
Z_05.01;3.1;2021-09-30;2022-12-31
Z_05.01;3.2;2022-12-31;
Z_05.01;4.2;2025-12-31;
Z_05.02;2.9.1.1;2019-12-31;2020-12-31
Z_05.02;2.10;2020-12-31;2021-09-30
Z_05.02;3.1;2021-09-30;2022-12-31
Z_05.02;3.2;2022-12-31;
Z_05.02;4.2;2025-12-31;
Z_06.00;2.9.1.1;2019-12-31;2020-12-31
Z_06.00;2.10;2020-12-31;2021-09-30
Z_06.00;3.1;2021-09-30;2022-12-31
Z_06.00;3.2;2022-12-31;
Z_06.00;4.2;2025-12-31;
Z_07.01;2.9.1.1;2019-12-31;2020-12-31
Z_07.01;2.10;2020-12-31;2021-09-30
Z_07.01;3.1;2021-09-30;2022-12-31
Z_07.01;3.2;2022-12-31;
Z_07.01.1;4.2;2025-12-31;
Z_07.01.2;4.2;2025-12-31;
Z_07.01.3;4.2;2025-12-31;
Z_07.01.4;4.2;2025-12-31;
Z_07.01.5;4.2;2025-12-31;
Z_07.02;2.9.1.1;2019-12-31;2020-12-31
Z_07.02;2.10;2020-12-31;2021-09-30
Z_07.02;3.1;2021-09-30;2022-12-31
Z_07.02;3.2;2022-12-31;
Z_07.02;4.2;2025-12-31;
Z_07.03;2.9.1.1;2019-12-31;2020-12-31
Z_07.03;2.10;2020-12-31;2021-09-30
Z_07.03;3.1;2021-09-30;2022-12-31
Z_07.03;3.2;2022-12-31;
Z_07.03;4.2;2025-12-31;
Z_07.04;2.9.1.1;2019-12-31;2020-12-31
Z_07.04;2.10;2020-12-31;2021-09-30
Z_07.04;3.1;2021-09-30;2022-12-31
Z_07.04;3.2;2022-12-31;
Z_07.04;4.2;2025-12-31;
Z_08.00;2.9.1.1;2019-12-31;2020-12-31
Z_08.00;2.10;2020-12-31;2021-09-30
Z_08.00;3.1;2021-09-30;2022-12-31
Z_08.00;3.2;2022-12-31;
Z_08.01;4.2;2025-12-31;
Z_08.02;4.2;2025-12-31;
Z_08.03;4.2;2025-12-31;
Z_08.04;4.2;2025-12-31;
Z_08.05;4.2;2025-12-31;
Z_09.00;2.9.1.1;2019-12-31;2020-12-31
Z_09.00;2.10;2020-12-31;2021-09-30
Z_09.00;3.1;2021-09-30;2022-12-31
Z_09.00;3.2;2022-12-31;
Z_09.01;4.2;2025-12-31;
Z_09.02;4.2;2025-12-31;
Z_09.03;4.2;2025-12-31;
Z_09.04;4.2;2025-12-31;
Z_10.01;2.9.1.1;2019-12-31;2020-12-31
Z_10.01;2.10;2020-12-31;2021-09-30
Z_10.01;3.1;2021-09-30;2022-12-31
Z_10.01;3.2;2022-12-31;
Z_10.02;2.9.1.1;2019-12-31;2020-12-31
Z_10.02;2.10;2020-12-31;2021-09-30
Z_10.02;3.1;2021-09-30;2022-12-31
Z_10.02;3.2;2022-12-31;
Z_11.00;4.2;2025-12-31;
Z_12.00;4.2;2025-12-31;
Z_13.00;4.2;2025-12-31;
Z_14.00;4.2;2025-12-31;
Z_15.00;4.2;2025-12-31;
Z_16.00;4.2;2025-12-31;
Z_17.00;4.2;2025-12-31;
