reporting_unit_id;table_id;x_axis_rc_code;y_axis_rc_code;z_axis_rc_code;ref_2026_06_30
TAXONOMY_PREVIEW;A_00.01;;;;EMPTY
TAXONOMY_PREVIEW;B_01.01;;;;EMPTY
TAXONOMY_PREVIEW;B_01.02;;;;EMPTY
TAXONOMY_PREVIEW;B_01.03;;;;EMPTY
TAXONOMY_PREVIEW;B_02.01;;;;EMPTY
TAXONOMY_PREVIEW;B_02.02;;;;EMPTY
TAXONOMY_PREVIEW;B_02.03;;;;EMPTY
TAXONOMY_PREVIEW;B_03.01;;;;EMPTY
TAXONOMY_PREVIEW;B_03.02;;;;EMPTY
TAXONOMY_PREVIEW;B_03.03;;;;EMPTY
TAXONOMY_PREVIEW;B_04.01;;;;EMPTY
TAXONOMY_PREVIEW;B_05.01;;;;EMPTY
TAXONOMY_PREVIEW;B_05.02;;;;EMPTY
TAXONOMY_PREVIEW;B_06.01;;;;EMPTY
TAXONOMY_PREVIEW;B_07.01;;;;EMPTY
TAXONOMY_PREVIEW;B_99.01;;;;EMPTY
TAXONOMY_PREVIEW;C_00.01;;;;EMPTY
TAXONOMY_PREVIEW;C_01.00;;;;EMPTY
TAXONOMY_PREVIEW;C_02.00;;;;EMPTY
TAXONOMY_PREVIEW;C_03.00;;;;EMPTY
TAXONOMY_PREVIEW;C_04.00;;;;EMPTY
TAXONOMY_PREVIEW;C_05.01;;;;EMPTY
TAXONOMY_PREVIEW;C_05.02;;;;EMPTY
TAXONOMY_PREVIEW;C_06.01;;;;EMPTY
TAXONOMY_PREVIEW;C_06.02;;;;EMPTY
TAXONOMY_PREVIEW;C_07.00;;;;EMPTY
TAXONOMY_PREVIEW;C_08.01;;;;EMPTY
TAXONOMY_PREVIEW;C_08.02;;;;EMPTY
TAXONOMY_PREVIEW;C_08.03;;;;EMPTY
TAXONOMY_PREVIEW;C_08.04;;;;EMPTY
TAXONOMY_PREVIEW;C_08.05;;;;EMPTY
TAXONOMY_PREVIEW;C_08.05.1;;;;EMPTY
TAXONOMY_PREVIEW;C_08.05.1.a;;;;EMPTY
TAXONOMY_PREVIEW;C_08.05.1.b;;;;EMPTY
TAXONOMY_PREVIEW;C_08.06;;;;EMPTY
TAXONOMY_PREVIEW;C_08.07;;;;EMPTY
TAXONOMY_PREVIEW;C_09.01;;;;EMPTY
TAXONOMY_PREVIEW;C_09.02;;;;EMPTY
TAXONOMY_PREVIEW;C_09.04;;;;EMPTY
TAXONOMY_PREVIEW;C_10.00;;;;EMPTY
TAXONOMY_PREVIEW;C_10.01;;;;EMPTY
TAXONOMY_PREVIEW;C_10.02;;;;EMPTY
TAXONOMY_PREVIEW;C_11.00;;;;EMPTY
TAXONOMY_PREVIEW;C_13.01;;;;EMPTY
TAXONOMY_PREVIEW;C_14.00;;;;EMPTY
TAXONOMY_PREVIEW;C_14.01;;;;EMPTY
TAXONOMY_PREVIEW;C_15.00;;;;EMPTY
TAXONOMY_PREVIEW;C_16.00;;;;EMPTY
TAXONOMY_PREVIEW;C_16.01;;;;EMPTY
TAXONOMY_PREVIEW;C_16.02;;;;EMPTY
TAXONOMY_PREVIEW;C_16.03;;;;EMPTY
TAXONOMY_PREVIEW;C_16.04;;;;EMPTY
TAXONOMY_PREVIEW;C_17.01;;;;EMPTY
TAXONOMY_PREVIEW;C_17.02;;;;EMPTY
TAXONOMY_PREVIEW;C_18.00;;;;EMPTY
TAXONOMY_PREVIEW;C_19.00;;;;EMPTY
TAXONOMY_PREVIEW;C_20.00;;;;EMPTY
TAXONOMY_PREVIEW;C_21.00;;;;EMPTY
TAXONOMY_PREVIEW;C_22.00;;;;EMPTY
TAXONOMY_PREVIEW;C_23.00;;;;EMPTY
TAXONOMY_PREVIEW;C_24.00;;;;EMPTY
TAXONOMY_PREVIEW;C_24.01;;;;EMPTY
TAXONOMY_PREVIEW;C_25.00;;;;EMPTY
TAXONOMY_PREVIEW;C_25.01;;;;EMPTY
TAXONOMY_PREVIEW;C_26.00;;;;EMPTY
TAXONOMY_PREVIEW;C_27.00;;;;EMPTY
TAXONOMY_PREVIEW;C_28.00;;;;EMPTY
TAXONOMY_PREVIEW;C_29.00;;;;EMPTY
TAXONOMY_PREVIEW;C_30.00;;;;EMPTY
TAXONOMY_PREVIEW;C_31.00;;;;EMPTY
TAXONOMY_PREVIEW;C_32.01;;;;EMPTY
TAXONOMY_PREVIEW;C_32.02;;;;EMPTY
TAXONOMY_PREVIEW;C_32.03;;;;EMPTY
TAXONOMY_PREVIEW;C_32.04;;;;EMPTY
TAXONOMY_PREVIEW;C_33.00;;;;EMPTY
TAXONOMY_PREVIEW;C_34.01;;;;EMPTY
TAXONOMY_PREVIEW;C_34.02;;;;EMPTY
TAXONOMY_PREVIEW;C_34.03;;;;EMPTY
TAXONOMY_PREVIEW;C_34.04;;;;EMPTY
TAXONOMY_PREVIEW;C_34.05;;;;EMPTY
TAXONOMY_PREVIEW;C_34.06;;;;EMPTY
TAXONOMY_PREVIEW;C_34.07;;;;EMPTY
TAXONOMY_PREVIEW;C_34.08;;;;EMPTY
TAXONOMY_PREVIEW;C_34.09;;;;EMPTY
TAXONOMY_PREVIEW;C_34.10;;;;EMPTY
TAXONOMY_PREVIEW;C_34.11;;;;EMPTY
TAXONOMY_PREVIEW;C_35.01;;;;EMPTY
TAXONOMY_PREVIEW;C_35.02;;;;EMPTY
TAXONOMY_PREVIEW;C_35.03;;;;EMPTY
TAXONOMY_PREVIEW;C_36.00;;;;EMPTY
TAXONOMY_PREVIEW;C_40.00;;;;EMPTY
TAXONOMY_PREVIEW;C_41.00;;;;EMPTY
TAXONOMY_PREVIEW;C_42.00;;;;EMPTY
TAXONOMY_PREVIEW;C_43.00;;;;EMPTY
TAXONOMY_PREVIEW;C_44.00;;;;EMPTY
TAXONOMY_PREVIEW;C_47.00;;;;EMPTY
TAXONOMY_PREVIEW;C_48.01;;;;EMPTY
TAXONOMY_PREVIEW;C_48.02;;;;EMPTY
TAXONOMY_PREVIEW;C_51.00;;;;EMPTY
TAXONOMY_PREVIEW;C_52.00;;;;EMPTY
TAXONOMY_PREVIEW;C_53.00;;;;EMPTY
TAXONOMY_PREVIEW;C_54.00;;;;EMPTY
TAXONOMY_PREVIEW;C_60.00;;;;EMPTY
TAXONOMY_PREVIEW;C_61.00;;;;EMPTY
TAXONOMY_PREVIEW;C_66.01;;;;EMPTY
TAXONOMY_PREVIEW;C_66.01.a;;;;EMPTY
TAXONOMY_PREVIEW;C_66.01.b;;;;EMPTY
TAXONOMY_PREVIEW;C_66.01.c;;;;EMPTY
TAXONOMY_PREVIEW;C_66.01.w;;;;EMPTY
TAXONOMY_PREVIEW;C_66.01.x;;;;EMPTY
TAXONOMY_PREVIEW;C_66.01.y;;;;EMPTY
TAXONOMY_PREVIEW;C_67.00;;;;EMPTY
TAXONOMY_PREVIEW;C_68.00;;;;EMPTY
TAXONOMY_PREVIEW;C_69.00;;;;EMPTY
TAXONOMY_PREVIEW;C_70.00;;;;EMPTY
TAXONOMY_PREVIEW;C_71.00;;;;EMPTY
TAXONOMY_PREVIEW;C_72.00;;;;EMPTY
TAXONOMY_PREVIEW;C_73.00;;;;EMPTY
TAXONOMY_PREVIEW;C_74.00;;;;EMPTY
TAXONOMY_PREVIEW;C_75.01;;;;EMPTY
TAXONOMY_PREVIEW;C_76.00;;;;EMPTY
TAXONOMY_PREVIEW;C_77.00;;;;EMPTY
TAXONOMY_PREVIEW;C_80.00;;;;EMPTY
TAXONOMY_PREVIEW;C_81.00;;;;EMPTY
TAXONOMY_PREVIEW;C_82.00;;;;EMPTY
TAXONOMY_PREVIEW;C_83.00;;;;EMPTY
TAXONOMY_PREVIEW;C_84.00;;;;EMPTY
TAXONOMY_PREVIEW;C_90.00;;;;EMPTY
TAXONOMY_PREVIEW;C_91.00;;;;EMPTY
TAXONOMY_PREVIEW;C_91.01;;;;EMPTY
TAXONOMY_PREVIEW;C_92.01;;;;EMPTY
TAXONOMY_PREVIEW;C_92.02;;;;EMPTY
TAXONOMY_PREVIEW;C_92.03;;;;EMPTY
TAXONOMY_PREVIEW;C_92.04;;;;EMPTY
TAXONOMY_PREVIEW;C_92.05;;;;EMPTY
TAXONOMY_PREVIEW;C_92.06;;;;EMPTY
TAXONOMY_PREVIEW;C_92.07.1;;;;EMPTY
TAXONOMY_PREVIEW;C_92.07.2;;;;EMPTY
TAXONOMY_PREVIEW;C_93.00;;;;EMPTY
TAXONOMY_PREVIEW;C_94.01;;;;EMPTY
TAXONOMY_PREVIEW;C_94.02;;;;EMPTY
TAXONOMY_PREVIEW;C_94.03;;;;EMPTY
TAXONOMY_PREVIEW;C_95.00;;;;EMPTY
TAXONOMY_PREVIEW;C_96.01.1;;;;EMPTY
TAXONOMY_PREVIEW;C_96.01.2;;;;EMPTY
TAXONOMY_PREVIEW;C_96.02;;;;EMPTY
TAXONOMY_PREVIEW;C_96.03;;;;EMPTY
TAXONOMY_PREVIEW;C_96.04.1;;;;EMPTY
TAXONOMY_PREVIEW;C_96.04.2;;;;EMPTY
TAXONOMY_PREVIEW;C_96.05.1;;;;EMPTY
TAXONOMY_PREVIEW;C_96.05.2;;;;EMPTY
TAXONOMY_PREVIEW;C_97.00;;;;EMPTY
TAXONOMY_PREVIEW;C_98.01.1;;;;EMPTY
TAXONOMY_PREVIEW;C_98.01.2;;;;EMPTY
TAXONOMY_PREVIEW;C_98.02.1;;;;EMPTY
TAXONOMY_PREVIEW;C_98.02.2;;;;EMPTY
TAXONOMY_PREVIEW;C_99.00;;;;EMPTY
TAXONOMY_PREVIEW;C_101.00;;;;EMPTY
TAXONOMY_PREVIEW;C_102.00;;;;EMPTY
TAXONOMY_PREVIEW;C_103.00;;;;EMPTY
TAXONOMY_PREVIEW;C_105.01;;;;EMPTY
TAXONOMY_PREVIEW;C_105.02;;;;EMPTY
TAXONOMY_PREVIEW;C_105.03;;;;EMPTY
TAXONOMY_PREVIEW;C_106.00;;;;EMPTY
TAXONOMY_PREVIEW;C_106.01;;;;EMPTY
TAXONOMY_PREVIEW;C_106.02;;;;EMPTY
TAXONOMY_PREVIEW;C_107.01;;;;EMPTY
TAXONOMY_PREVIEW;C_107.02;;;;EMPTY
TAXONOMY_PREVIEW;C_108.00;;;;EMPTY
TAXONOMY_PREVIEW;C_109.01;;;;EMPTY
TAXONOMY_PREVIEW;C_109.02;;;;EMPTY
TAXONOMY_PREVIEW;C_109.03;;;;EMPTY
TAXONOMY_PREVIEW;C_110.01;;;;EMPTY
TAXONOMY_PREVIEW;C_110.02;;;;EMPTY
TAXONOMY_PREVIEW;C_110.03;;;;EMPTY
TAXONOMY_PREVIEW;C_111.00;;;;EMPTY
TAXONOMY_PREVIEW;C_112.00;;;;EMPTY
TAXONOMY_PREVIEW;C_113.00;;;;EMPTY
TAXONOMY_PREVIEW;C_114.00;;;;EMPTY
TAXONOMY_PREVIEW;C_115.00;;;;EMPTY
TAXONOMY_PREVIEW;C_116.00;;;;EMPTY
TAXONOMY_PREVIEW;C_117.00;;;;EMPTY
TAXONOMY_PREVIEW;C_118.00;;;;EMPTY
TAXONOMY_PREVIEW;C_120.01;;;;EMPTY
TAXONOMY_PREVIEW;C_120.02;;;;EMPTY
TAXONOMY_PREVIEW;C_120.03;;;;EMPTY
TAXONOMY_PREVIEW;C_120.04;;;;EMPTY
TAXONOMY_PREVIEW;C_120.05;;;;EMPTY
TAXONOMY_PREVIEW;C_120.06;;;;EMPTY
TAXONOMY_PREVIEW;D_01.00;;;;EMPTY
TAXONOMY_PREVIEW;D_02.00;;;;EMPTY
TAXONOMY_PREVIEW;D_03.01;;;;EMPTY
TAXONOMY_PREVIEW;D_03.02;;;;EMPTY
TAXONOMY_PREVIEW;D_04.00;;;;EMPTY
TAXONOMY_PREVIEW;D_05.00;;;;EMPTY
TAXONOMY_PREVIEW;D_06.00;;;;EMPTY
TAXONOMY_PREVIEW;D_07.00;;;;EMPTY
TAXONOMY_PREVIEW;D_08.00;;;;EMPTY
TAXONOMY_PREVIEW;D_09.01;;;;EMPTY
TAXONOMY_PREVIEW;D_09.02;;;;EMPTY
TAXONOMY_PREVIEW;D_09.03;;;;EMPTY
TAXONOMY_PREVIEW;D_10.00;;;;EMPTY
TAXONOMY_PREVIEW;E_00.01;;;;EMPTY
TAXONOMY_PREVIEW;F_00.01;;;;EMPTY
TAXONOMY_PREVIEW;F_01.01;;;;EMPTY
TAXONOMY_PREVIEW;F_01.01.dp;;;;EMPTY
TAXONOMY_PREVIEW;F_01.02;;;;EMPTY
TAXONOMY_PREVIEW;F_01.02.dp;;;;EMPTY
TAXONOMY_PREVIEW;F_01.03;;;;EMPTY
TAXONOMY_PREVIEW;F_01.03.dp;;;;EMPTY
TAXONOMY_PREVIEW;F_02.00;;;;EMPTY
TAXONOMY_PREVIEW;F_02.00.dp;;;;EMPTY
TAXONOMY_PREVIEW;F_03.00;;;;EMPTY
TAXONOMY_PREVIEW;F_04.01;;;;EMPTY
TAXONOMY_PREVIEW;F_04.02.1;;;;EMPTY
TAXONOMY_PREVIEW;F_04.02.2;;;;EMPTY
TAXONOMY_PREVIEW;F_04.03.1;;;;EMPTY
TAXONOMY_PREVIEW;F_04.04.1;;;;EMPTY
TAXONOMY_PREVIEW;F_04.05;;;;EMPTY
TAXONOMY_PREVIEW;F_04.06;;;;EMPTY
TAXONOMY_PREVIEW;F_04.07;;;;EMPTY
TAXONOMY_PREVIEW;F_04.08;;;;EMPTY
TAXONOMY_PREVIEW;F_04.09;;;;EMPTY
TAXONOMY_PREVIEW;F_04.10;;;;EMPTY
TAXONOMY_PREVIEW;F_05.01;;;;EMPTY
TAXONOMY_PREVIEW;F_05.01.dp;;;;EMPTY
TAXONOMY_PREVIEW;F_06.01;;;;EMPTY
TAXONOMY_PREVIEW;F_07.01;;;;EMPTY
TAXONOMY_PREVIEW;F_07.02;;;;EMPTY
TAXONOMY_PREVIEW;F_08.01;;;;EMPTY
TAXONOMY_PREVIEW;F_08.01.dp;;;;EMPTY
TAXONOMY_PREVIEW;F_08.02;;;;EMPTY
TAXONOMY_PREVIEW;F_08.02.dp;;;;EMPTY
TAXONOMY_PREVIEW;F_09.01;;;;EMPTY
TAXONOMY_PREVIEW;F_09.01.1;;;;EMPTY
TAXONOMY_PREVIEW;F_09.02;;;;EMPTY
TAXONOMY_PREVIEW;F_10.00;;;;EMPTY
TAXONOMY_PREVIEW;F_10.00.dp;;;;EMPTY
TAXONOMY_PREVIEW;F_11.01;;;;EMPTY
TAXONOMY_PREVIEW;F_11.01.dp;;;;EMPTY
TAXONOMY_PREVIEW;F_11.02;;;;EMPTY
TAXONOMY_PREVIEW;F_11.02.dp;;;;EMPTY
TAXONOMY_PREVIEW;F_11.03;;;;EMPTY
TAXONOMY_PREVIEW;F_11.03.1;;;;EMPTY
TAXONOMY_PREVIEW;F_11.04;;;;EMPTY
TAXONOMY_PREVIEW;F_12.00;;;;EMPTY
TAXONOMY_PREVIEW;F_12.01;;;;EMPTY
TAXONOMY_PREVIEW;F_12.02;;;;EMPTY
TAXONOMY_PREVIEW;F_13.01;;;;EMPTY
TAXONOMY_PREVIEW;F_13.02.1;;;;EMPTY
TAXONOMY_PREVIEW;F_13.03.1;;;;EMPTY
TAXONOMY_PREVIEW;F_14.00;;;;EMPTY
TAXONOMY_PREVIEW;F_15.00;;;;EMPTY
TAXONOMY_PREVIEW;F_16.01;;;;EMPTY
TAXONOMY_PREVIEW;F_16.02;;;;EMPTY
TAXONOMY_PREVIEW;F_16.03;;;;EMPTY
TAXONOMY_PREVIEW;F_16.04;;;;EMPTY
TAXONOMY_PREVIEW;F_16.04.1;;;;EMPTY
TAXONOMY_PREVIEW;F_16.05;;;;EMPTY
TAXONOMY_PREVIEW;F_16.06;;;;EMPTY
TAXONOMY_PREVIEW;F_16.07;;;;EMPTY
TAXONOMY_PREVIEW;F_16.08;;;;EMPTY
TAXONOMY_PREVIEW;F_17.01;;;;EMPTY
TAXONOMY_PREVIEW;F_17.02;;;;EMPTY
TAXONOMY_PREVIEW;F_17.03;;;;EMPTY
TAXONOMY_PREVIEW;F_18.00;;;;EMPTY
TAXONOMY_PREVIEW;F_18.00.a.dp;;;;EMPTY
TAXONOMY_PREVIEW;F_18.00.b.dp;;;;EMPTY
TAXONOMY_PREVIEW;F_18.00.e.dp;;;;EMPTY
TAXONOMY_PREVIEW;F_18.01;;;;EMPTY
TAXONOMY_PREVIEW;F_18.02;;;;EMPTY
TAXONOMY_PREVIEW;F_19.00;;;;EMPTY
TAXONOMY_PREVIEW;F_19.00.a.dp;;;;EMPTY
TAXONOMY_PREVIEW;F_19.00.d.dp;;;;EMPTY
TAXONOMY_PREVIEW;F_20.01;;;;EMPTY
TAXONOMY_PREVIEW;F_20.02;;;;EMPTY
TAXONOMY_PREVIEW;F_20.03;;;;EMPTY
TAXONOMY_PREVIEW;F_20.04;;;;EMPTY
TAXONOMY_PREVIEW;F_20.05;;;;EMPTY
TAXONOMY_PREVIEW;F_20.06;;;;EMPTY
TAXONOMY_PREVIEW;F_20.07.1;;;;EMPTY
TAXONOMY_PREVIEW;F_21.00;;;;EMPTY
TAXONOMY_PREVIEW;F_22.01;;;;EMPTY
TAXONOMY_PREVIEW;F_22.02;;;;EMPTY
TAXONOMY_PREVIEW;F_23.01;;;;EMPTY
TAXONOMY_PREVIEW;F_23.02;;;;EMPTY
TAXONOMY_PREVIEW;F_23.03;;;;EMPTY
TAXONOMY_PREVIEW;F_23.04;;;;EMPTY
TAXONOMY_PREVIEW;F_23.05;;;;EMPTY
TAXONOMY_PREVIEW;F_23.06;;;;EMPTY
TAXONOMY_PREVIEW;F_24.01;;;;EMPTY
TAXONOMY_PREVIEW;F_24.02;;;;EMPTY
TAXONOMY_PREVIEW;F_24.03;;;;EMPTY
TAXONOMY_PREVIEW;F_25.01;;;;EMPTY
TAXONOMY_PREVIEW;F_25.02;;;;EMPTY
TAXONOMY_PREVIEW;F_25.03;;;;EMPTY
TAXONOMY_PREVIEW;F_26.00;;;;EMPTY
TAXONOMY_PREVIEW;F_30.01;;;;EMPTY
TAXONOMY_PREVIEW;F_30.02;;;;EMPTY
TAXONOMY_PREVIEW;F_31.01;;;;EMPTY
TAXONOMY_PREVIEW;F_31.02;;;;EMPTY
TAXONOMY_PREVIEW;F_32.01;;;;EMPTY
TAXONOMY_PREVIEW;F_32.02;;;;EMPTY
TAXONOMY_PREVIEW;F_32.03;;;;EMPTY
TAXONOMY_PREVIEW;F_32.04;;;;EMPTY
TAXONOMY_PREVIEW;F_33.00;;;;EMPTY
TAXONOMY_PREVIEW;F_34.00;;;;EMPTY
TAXONOMY_PREVIEW;F_35.00;;;;EMPTY
TAXONOMY_PREVIEW;F_36.01;;;;EMPTY
TAXONOMY_PREVIEW;F_36.02;;;;EMPTY
TAXONOMY_PREVIEW;F_40.01;;;;EMPTY
TAXONOMY_PREVIEW;F_40.02;;;;EMPTY
TAXONOMY_PREVIEW;F_41.01;;;;EMPTY
TAXONOMY_PREVIEW;F_41.02;;;;EMPTY
TAXONOMY_PREVIEW;F_42.00;;;;EMPTY
TAXONOMY_PREVIEW;F_43.00;;;;EMPTY
TAXONOMY_PREVIEW;F_44.01;;;;EMPTY
TAXONOMY_PREVIEW;F_44.02;;;;EMPTY
TAXONOMY_PREVIEW;F_44.03;;;;EMPTY
TAXONOMY_PREVIEW;F_44.04;;;;EMPTY
TAXONOMY_PREVIEW;F_45.01;;;;EMPTY
TAXONOMY_PREVIEW;F_45.02;;;;EMPTY
TAXONOMY_PREVIEW;F_45.03;;;;EMPTY
TAXONOMY_PREVIEW;F_46.00;;;;EMPTY
TAXONOMY_PREVIEW;F_47.00;;;;EMPTY
TAXONOMY_PREVIEW;F_90.01;;;;EMPTY
TAXONOMY_PREVIEW;F_90.02;;;;EMPTY
TAXONOMY_PREVIEW;F_90.03;;;;EMPTY
TAXONOMY_PREVIEW;F_91.01;;;;EMPTY
TAXONOMY_PREVIEW;F_91.02;;;;EMPTY
TAXONOMY_PREVIEW;F_91.03;;;;EMPTY
TAXONOMY_PREVIEW;F_91.04;;;;EMPTY
TAXONOMY_PREVIEW;F_91.05;;;;EMPTY
TAXONOMY_PREVIEW;F_92.01;;;;EMPTY
TAXONOMY_PREVIEW;F_93.01;;;;EMPTY
TAXONOMY_PREVIEW;F_93.02;;;;EMPTY
TAXONOMY_PREVIEW;G_01.00;;;;EMPTY
TAXONOMY_PREVIEW;I_01.00;;;;EMPTY
TAXONOMY_PREVIEW;I_01.01;;;;EMPTY
TAXONOMY_PREVIEW;I_02.01;;;;EMPTY
TAXONOMY_PREVIEW;I_02.02;;;;EMPTY
TAXONOMY_PREVIEW;I_02.03;;;;EMPTY
TAXONOMY_PREVIEW;I_02.04;;;;EMPTY
TAXONOMY_PREVIEW;I_03.00;;;;EMPTY
TAXONOMY_PREVIEW;I_03.01;;;;EMPTY
TAXONOMY_PREVIEW;I_04.00;;;;EMPTY
TAXONOMY_PREVIEW;I_05.00;;;;EMPTY
TAXONOMY_PREVIEW;I_06.01;;;;EMPTY
TAXONOMY_PREVIEW;I_06.02;;;;EMPTY
TAXONOMY_PREVIEW;I_06.03;;;;EMPTY
TAXONOMY_PREVIEW;I_06.04;;;;EMPTY
TAXONOMY_PREVIEW;I_06.05;;;;EMPTY
TAXONOMY_PREVIEW;I_06.06;;;;EMPTY
TAXONOMY_PREVIEW;I_06.07;;;;EMPTY
TAXONOMY_PREVIEW;I_06.08;;;;EMPTY
TAXONOMY_PREVIEW;I_06.09;;;;EMPTY
TAXONOMY_PREVIEW;I_06.10;;;;EMPTY
TAXONOMY_PREVIEW;I_06.11;;;;EMPTY
TAXONOMY_PREVIEW;I_06.12;;;;EMPTY
TAXONOMY_PREVIEW;I_06.13;;;;EMPTY
TAXONOMY_PREVIEW;I_07.00;;;;EMPTY
TAXONOMY_PREVIEW;I_08.01;;;;EMPTY
TAXONOMY_PREVIEW;I_08.02;;;;EMPTY
TAXONOMY_PREVIEW;I_08.03;;;;EMPTY
TAXONOMY_PREVIEW;I_08.04;;;;EMPTY
TAXONOMY_PREVIEW;I_08.05;;;;EMPTY
TAXONOMY_PREVIEW;I_08.06;;;;EMPTY
TAXONOMY_PREVIEW;I_09.00;;;;EMPTY
TAXONOMY_PREVIEW;I_09.01;;;;EMPTY
TAXONOMY_PREVIEW;I_10.01;;;;EMPTY
TAXONOMY_PREVIEW;I_10.02;;;;EMPTY
TAXONOMY_PREVIEW;I_11.01;;;;EMPTY
TAXONOMY_PREVIEW;I_11.02;;;;EMPTY
TAXONOMY_PREVIEW;I_11.03;;;;EMPTY
TAXONOMY_PREVIEW;J_01.00;;;;EMPTY
TAXONOMY_PREVIEW;J_02.00;;;;EMPTY
TAXONOMY_PREVIEW;J_03.00;;;;EMPTY
TAXONOMY_PREVIEW;J_04.00;;;;EMPTY
TAXONOMY_PREVIEW;J_05.00;;;;EMPTY
TAXONOMY_PREVIEW;J_06.00;;;;EMPTY
TAXONOMY_PREVIEW;J_07.00;;;;EMPTY
TAXONOMY_PREVIEW;J_08.00;;;;EMPTY
TAXONOMY_PREVIEW;J_09.00;;;;EMPTY
TAXONOMY_PREVIEW;J_10.01;;;;EMPTY
TAXONOMY_PREVIEW;J_10.02;;;;EMPTY
TAXONOMY_PREVIEW;J_11.01;;;;EMPTY
TAXONOMY_PREVIEW;J_11.02;;;;EMPTY
TAXONOMY_PREVIEW;K_00.01;;;;EMPTY
TAXONOMY_PREVIEW;K_00.02;;;;EMPTY
TAXONOMY_PREVIEW;K_00.03;;;;EMPTY
TAXONOMY_PREVIEW;K_00.04;;;;EMPTY
TAXONOMY_PREVIEW;K_00.05;;;;EMPTY
TAXONOMY_PREVIEW;K_00.06;;;;EMPTY
TAXONOMY_PREVIEW;K_01.00;;;;EMPTY
TAXONOMY_PREVIEW;K_02.00;;;;EMPTY
TAXONOMY_PREVIEW;K_03.00;;;;EMPTY
TAXONOMY_PREVIEW;K_04.00;;;;EMPTY
TAXONOMY_PREVIEW;K_05.00;;;;EMPTY
TAXONOMY_PREVIEW;K_06.00;;;;EMPTY
TAXONOMY_PREVIEW;K_07.00;;;;EMPTY
TAXONOMY_PREVIEW;K_08.00;;;;EMPTY
TAXONOMY_PREVIEW;K_09.01;;;;EMPTY
TAXONOMY_PREVIEW;K_09.02;;;;EMPTY
TAXONOMY_PREVIEW;K_09.03;;;;EMPTY
TAXONOMY_PREVIEW;K_09.04;;;;EMPTY
TAXONOMY_PREVIEW;K_09.05;;;;EMPTY
TAXONOMY_PREVIEW;K_10.00;;;;EMPTY
TAXONOMY_PREVIEW;K_11.00;;;;EMPTY
TAXONOMY_PREVIEW;K_12.00;;;;EMPTY
TAXONOMY_PREVIEW;K_13.00;;;;EMPTY
TAXONOMY_PREVIEW;K_18.01;;;;EMPTY
TAXONOMY_PREVIEW;K_18.02;;;;EMPTY
TAXONOMY_PREVIEW;K_18.03;;;;EMPTY
TAXONOMY_PREVIEW;K_18.04;;;;EMPTY
TAXONOMY_PREVIEW;K_19.01;;;;EMPTY
TAXONOMY_PREVIEW;K_19.02;;;;EMPTY
TAXONOMY_PREVIEW;K_19.03;;;;EMPTY
TAXONOMY_PREVIEW;K_20.01;;;;EMPTY
TAXONOMY_PREVIEW;K_20.02;;;;EMPTY
TAXONOMY_PREVIEW;K_20.03;;;;EMPTY
TAXONOMY_PREVIEW;K_21.01.a;;;;EMPTY
TAXONOMY_PREVIEW;K_21.01.b;;;;EMPTY
TAXONOMY_PREVIEW;K_21.01.c;;;;EMPTY
TAXONOMY_PREVIEW;K_21.01.d;;;;EMPTY
TAXONOMY_PREVIEW;K_21.01.e;;;;EMPTY
TAXONOMY_PREVIEW;K_21.01.f;;;;EMPTY
TAXONOMY_PREVIEW;K_21.02;;;;EMPTY
TAXONOMY_PREVIEW;K_22.01;;;;EMPTY
TAXONOMY_PREVIEW;K_22.02.a;;;;EMPTY
TAXONOMY_PREVIEW;K_22.02.b;;;;EMPTY
TAXONOMY_PREVIEW;K_23.00;;;;EMPTY
TAXONOMY_PREVIEW;K_24.00;;;;EMPTY
TAXONOMY_PREVIEW;K_25.00;;;;EMPTY
TAXONOMY_PREVIEW;K_26.00;;;;EMPTY
TAXONOMY_PREVIEW;K_26.01;;;;EMPTY
TAXONOMY_PREVIEW;K_27.01;;;;EMPTY
TAXONOMY_PREVIEW;K_27.02.a;;;;EMPTY
TAXONOMY_PREVIEW;K_27.02.b;;;;EMPTY
TAXONOMY_PREVIEW;K_28.00;;;;EMPTY
TAXONOMY_PREVIEW;K_29.00;;;;EMPTY
TAXONOMY_PREVIEW;K_29.01;;;;EMPTY
TAXONOMY_PREVIEW;K_29.01.a;;;;EMPTY
TAXONOMY_PREVIEW;K_29.01.b;;;;EMPTY
TAXONOMY_PREVIEW;K_29.02.a;;;;EMPTY
TAXONOMY_PREVIEW;K_29.02.b;;;;EMPTY
TAXONOMY_PREVIEW;K_29.02.c;;;;EMPTY
TAXONOMY_PREVIEW;K_30.01;;;;EMPTY
TAXONOMY_PREVIEW;K_30.02;;;;EMPTY
TAXONOMY_PREVIEW;K_30.03;;;;EMPTY
TAXONOMY_PREVIEW;K_30.04;;;;EMPTY
TAXONOMY_PREVIEW;K_30.05;;;;EMPTY
TAXONOMY_PREVIEW;K_41.00;;;;EMPTY
TAXONOMY_PREVIEW;K_42.00;;;;EMPTY
TAXONOMY_PREVIEW;K_43.00;;;;EMPTY
TAXONOMY_PREVIEW;K_43.01;;;;EMPTY
TAXONOMY_PREVIEW;K_43.02;;;;EMPTY
TAXONOMY_PREVIEW;K_44.00;;;;EMPTY
TAXONOMY_PREVIEW;K_45.00;;;;EMPTY
TAXONOMY_PREVIEW;K_46.00;;;;EMPTY
TAXONOMY_PREVIEW;K_47.00;;;;EMPTY
TAXONOMY_PREVIEW;K_48.00;;;;EMPTY
TAXONOMY_PREVIEW;K_49.01;;;;EMPTY
TAXONOMY_PREVIEW;K_49.02;;;;EMPTY
TAXONOMY_PREVIEW;K_49.03;;;;EMPTY
TAXONOMY_PREVIEW;K_50.00;;;;EMPTY
TAXONOMY_PREVIEW;K_60.00;;;;EMPTY
TAXONOMY_PREVIEW;K_61.00;;;;EMPTY
TAXONOMY_PREVIEW;K_62.01;;;;EMPTY
TAXONOMY_PREVIEW;K_62.02;;;;EMPTY
TAXONOMY_PREVIEW;K_63.01;;;;EMPTY
TAXONOMY_PREVIEW;K_63.02;;;;EMPTY
TAXONOMY_PREVIEW;K_64.01.a;;;;EMPTY
TAXONOMY_PREVIEW;K_64.01.b;;;;EMPTY
TAXONOMY_PREVIEW;K_64.01.c;;;;EMPTY
TAXONOMY_PREVIEW;K_64.01.d;;;;EMPTY
TAXONOMY_PREVIEW;K_64.02;;;;EMPTY
TAXONOMY_PREVIEW;K_64.03.a;;;;EMPTY
TAXONOMY_PREVIEW;K_64.03.b;;;;EMPTY
TAXONOMY_PREVIEW;K_65.00;;;;EMPTY
TAXONOMY_PREVIEW;K_66.01.a;;;;EMPTY
TAXONOMY_PREVIEW;K_66.01.b;;;;EMPTY
TAXONOMY_PREVIEW;K_66.02.a;;;;EMPTY
TAXONOMY_PREVIEW;K_66.02.b;;;;EMPTY
TAXONOMY_PREVIEW;K_66.02.c;;;;EMPTY
TAXONOMY_PREVIEW;K_66.02.d;;;;EMPTY
TAXONOMY_PREVIEW;K_66.02.e;;;;EMPTY
TAXONOMY_PREVIEW;K_66.02.f;;;;EMPTY
TAXONOMY_PREVIEW;K_67.01;;;;EMPTY
TAXONOMY_PREVIEW;K_67.02;;;;EMPTY
TAXONOMY_PREVIEW;K_68.00;;;;EMPTY
TAXONOMY_PREVIEW;K_70.00;;;;EMPTY
TAXONOMY_PREVIEW;K_71.00;;;;EMPTY
TAXONOMY_PREVIEW;K_72.00;;;;EMPTY
TAXONOMY_PREVIEW;K_73.00;;;;EMPTY
TAXONOMY_PREVIEW;K_74.00;;;;EMPTY
TAXONOMY_PREVIEW;K_80.00.a;;;;EMPTY
TAXONOMY_PREVIEW;K_80.00.b;;;;EMPTY
TAXONOMY_PREVIEW;K_80.00.c;;;;EMPTY
TAXONOMY_PREVIEW;K_80.00.d;;;;EMPTY
TAXONOMY_PREVIEW;K_80.00.e;;;;EMPTY
TAXONOMY_PREVIEW;K_81.00;;;;EMPTY
TAXONOMY_PREVIEW;K_82.00.a;;;;EMPTY
TAXONOMY_PREVIEW;K_82.00.b;;;;EMPTY
TAXONOMY_PREVIEW;K_82.00.c;;;;EMPTY
TAXONOMY_PREVIEW;K_83.01.a;;;;EMPTY
TAXONOMY_PREVIEW;K_83.01.b;;;;EMPTY
TAXONOMY_PREVIEW;K_83.01.c;;;;EMPTY
TAXONOMY_PREVIEW;K_83.01.d;;;;EMPTY
TAXONOMY_PREVIEW;K_83.01.e;;;;EMPTY
TAXONOMY_PREVIEW;K_84.01;;;;EMPTY
TAXONOMY_PREVIEW;K_85.00;;;;EMPTY
TAXONOMY_PREVIEW;K_86.00;;;;EMPTY
TAXONOMY_PREVIEW;K_87.00.a;;;;EMPTY
TAXONOMY_PREVIEW;K_87.00.b;;;;EMPTY
TAXONOMY_PREVIEW;K_90.01;;;;EMPTY
TAXONOMY_PREVIEW;K_91.00;;;;EMPTY
TAXONOMY_PREVIEW;K_93.00;;;;EMPTY
TAXONOMY_PREVIEW;K_95.00;;;;EMPTY
TAXONOMY_PREVIEW;K_96.00;;;;EMPTY
TAXONOMY_PREVIEW;K_97.00;;;;EMPTY
TAXONOMY_PREVIEW;K_98.00;;;;EMPTY
TAXONOMY_PREVIEW;K_100.00;;;;EMPTY
TAXONOMY_PREVIEW;K_101.00;;;;EMPTY
TAXONOMY_PREVIEW;K_102.00;;;;EMPTY
TAXONOMY_PREVIEW;K_103.00;;;;EMPTY
TAXONOMY_PREVIEW;K_104.00;;;;EMPTY
TAXONOMY_PREVIEW;K_105.00;;;;EMPTY
TAXONOMY_PREVIEW;K_106.00;;;;EMPTY
TAXONOMY_PREVIEW;K_107.00;;;;EMPTY
TAXONOMY_PREVIEW;K_108.00;;;;EMPTY
TAXONOMY_PREVIEW;K_109.00;;;;EMPTY
TAXONOMY_PREVIEW;K_110.00;;;;EMPTY
TAXONOMY_PREVIEW;K_111.00;;;;EMPTY
TAXONOMY_PREVIEW;K_112.00;;;;EMPTY
TAXONOMY_PREVIEW;K_113.00;;;;EMPTY
TAXONOMY_PREVIEW;L_00.02;;;;EMPTY
TAXONOMY_PREVIEW;L_00.03;;;;EMPTY
TAXONOMY_PREVIEW;L_01.00;;;;EMPTY
TAXONOMY_PREVIEW;L_02.00;;;;EMPTY
TAXONOMY_PREVIEW;L_03.00;;;;EMPTY
TAXONOMY_PREVIEW;L_04.00;;;;EMPTY
TAXONOMY_PREVIEW;L_05.00;;;;EMPTY
TAXONOMY_PREVIEW;L_06.00;;;;EMPTY
TAXONOMY_PREVIEW;L_07.01;;;;EMPTY
TAXONOMY_PREVIEW;L_07.02;;;;EMPTY
TAXONOMY_PREVIEW;L_07.03;;;;EMPTY
TAXONOMY_PREVIEW;L_08.01;;;;EMPTY
TAXONOMY_PREVIEW;L_08.02;;;;EMPTY
TAXONOMY_PREVIEW;M_01.00;;;;EMPTY
TAXONOMY_PREVIEW;M_02.00;;;;EMPTY
TAXONOMY_PREVIEW;M_03.00;;;;EMPTY
TAXONOMY_PREVIEW;M_04.00;;;;EMPTY
TAXONOMY_PREVIEW;M_05.00;;;;EMPTY
TAXONOMY_PREVIEW;M_06.00;;;;EMPTY
TAXONOMY_PREVIEW;M_07.00;;;;EMPTY
TAXONOMY_PREVIEW;M_20.00;;;;EMPTY
TAXONOMY_PREVIEW;N_01.00;;;;EMPTY
TAXONOMY_PREVIEW;N_01.01;;;;EMPTY
TAXONOMY_PREVIEW;N_01.02;;;;EMPTY
TAXONOMY_PREVIEW;N_02.00;;;;EMPTY
TAXONOMY_PREVIEW;P_00.01;;;;EMPTY
TAXONOMY_PREVIEW;P_01.01;;;;EMPTY
TAXONOMY_PREVIEW;P_01.02;;;;EMPTY
TAXONOMY_PREVIEW;P_01.03;;;;EMPTY
TAXONOMY_PREVIEW;P_02.01;;;;EMPTY
TAXONOMY_PREVIEW;P_02.02;;;;EMPTY
TAXONOMY_PREVIEW;P_02.03;;;;EMPTY
TAXONOMY_PREVIEW;P_02.04;;;;EMPTY
TAXONOMY_PREVIEW;P_02.05;;;;EMPTY
TAXONOMY_PREVIEW;P_02.06;;;;EMPTY
TAXONOMY_PREVIEW;P_02.07;;;;EMPTY
TAXONOMY_PREVIEW;P_02.08;;;;EMPTY
TAXONOMY_PREVIEW;P_04.01;;;;EMPTY
TAXONOMY_PREVIEW;P_04.02;;;;EMPTY
TAXONOMY_PREVIEW;P_05.00;;;;EMPTY
TAXONOMY_PREVIEW;Q_00.01;;;;EMPTY
TAXONOMY_PREVIEW;Q_01.00;;;;EMPTY
TAXONOMY_PREVIEW;Q_02.00;;;;EMPTY
TAXONOMY_PREVIEW;Q_03.01;;;;EMPTY
TAXONOMY_PREVIEW;Q_03.02;;;;EMPTY
TAXONOMY_PREVIEW;Q_03.03;;;;EMPTY
TAXONOMY_PREVIEW;Q_04.01;;;;EMPTY
TAXONOMY_PREVIEW;Q_04.02;;;;EMPTY
TAXONOMY_PREVIEW;Q_04.03;;;;EMPTY
TAXONOMY_PREVIEW;Q_04.04;;;;EMPTY
TAXONOMY_PREVIEW;Q_05.00;;;;EMPTY
TAXONOMY_PREVIEW;Q_09.01;;;;EMPTY
TAXONOMY_PREVIEW;Q_09.02;;;;EMPTY
TAXONOMY_PREVIEW;Q_10.01;;;;EMPTY
TAXONOMY_PREVIEW;Q_10.02;;;;EMPTY
TAXONOMY_PREVIEW;Q_10.03;;;;EMPTY
TAXONOMY_PREVIEW;R_01.00;;;;EMPTY
TAXONOMY_PREVIEW;R_01.01;;;;EMPTY
TAXONOMY_PREVIEW;R_02.00;;;;EMPTY
TAXONOMY_PREVIEW;R_02.01;;;;EMPTY
TAXONOMY_PREVIEW;R_02.02;;;;EMPTY
TAXONOMY_PREVIEW;R_03.00;;;;EMPTY
TAXONOMY_PREVIEW;R_04.00;;;;EMPTY
TAXONOMY_PREVIEW;R_04.01;;;;EMPTY
TAXONOMY_PREVIEW;R_05.00;;;;EMPTY
TAXONOMY_PREVIEW;R_05.01;;;;EMPTY
TAXONOMY_PREVIEW;R_06.00;;;;EMPTY
TAXONOMY_PREVIEW;R_06.01;;;;EMPTY
TAXONOMY_PREVIEW;R_07.00;;;;EMPTY
TAXONOMY_PREVIEW;R_08.00;;;;EMPTY
TAXONOMY_PREVIEW;R_09.00;;;;EMPTY
TAXONOMY_PREVIEW;R_10.00;;;;EMPTY
TAXONOMY_PREVIEW;R_11.00;;;;EMPTY
TAXONOMY_PREVIEW;R_12.00;;;;EMPTY
TAXONOMY_PREVIEW;R_13.00;;;;EMPTY
TAXONOMY_PREVIEW;R_14.00;;;;EMPTY
TAXONOMY_PREVIEW;R_15.00;;;;EMPTY
TAXONOMY_PREVIEW;R_16.00;;;;EMPTY
TAXONOMY_PREVIEW;R_17.00;;;;EMPTY
TAXONOMY_PREVIEW;R_18.00;;;;EMPTY
TAXONOMY_PREVIEW;R_19.00;;;;EMPTY
TAXONOMY_PREVIEW;R_20.00;;;;EMPTY
TAXONOMY_PREVIEW;R_21.00;;;;EMPTY
TAXONOMY_PREVIEW;R_22.01;;;;EMPTY
TAXONOMY_PREVIEW;R_22.02;;;;EMPTY
TAXONOMY_PREVIEW;R_22.03;;;;EMPTY
TAXONOMY_PREVIEW;R_23.00;;;;EMPTY
TAXONOMY_PREVIEW;S_00.01;;;;EMPTY
TAXONOMY_PREVIEW;S_01.01;;;;EMPTY
TAXONOMY_PREVIEW;S_01.02;;;;EMPTY
TAXONOMY_PREVIEW;S_02.01;;;;EMPTY
TAXONOMY_PREVIEW;S_02.02;;;;EMPTY
TAXONOMY_PREVIEW;S_03.00;;;;EMPTY
TAXONOMY_PREVIEW;S_04.00;;;;EMPTY
TAXONOMY_PREVIEW;T_01.00;;;;EMPTY
TAXONOMY_PREVIEW;T_02.00;;;;EMPTY
TAXONOMY_PREVIEW;T_03.01;;;;EMPTY
TAXONOMY_PREVIEW;T_03.02;;;;EMPTY
TAXONOMY_PREVIEW;T_03.03;;;;EMPTY
TAXONOMY_PREVIEW;T_04.00;;;;EMPTY
TAXONOMY_PREVIEW;T_05.01;;;;EMPTY
TAXONOMY_PREVIEW;T_06.01;;;;EMPTY
TAXONOMY_PREVIEW;T_07.00;;;;EMPTY
TAXONOMY_PREVIEW;T_08.00;;;;EMPTY
TAXONOMY_PREVIEW;T_09.00;;;;EMPTY
TAXONOMY_PREVIEW;T_12.00;;;;EMPTY
TAXONOMY_PREVIEW;T_20.01;;;;EMPTY
TAXONOMY_PREVIEW;T_20.02;;;;EMPTY
TAXONOMY_PREVIEW;T_20.03;;;;EMPTY
TAXONOMY_PREVIEW;T_20.04;;;;EMPTY
TAXONOMY_PREVIEW;T_20.05;;;;EMPTY
TAXONOMY_PREVIEW;T_30.00;;;;EMPTY
TAXONOMY_PREVIEW;T_31.00;;;;EMPTY
TAXONOMY_PREVIEW;T_32.00;;;;EMPTY
TAXONOMY_PREVIEW;T_33.00;;;;EMPTY
TAXONOMY_PREVIEW;T_98.00;;;;EMPTY
TAXONOMY_PREVIEW;T_99.00;;;;EMPTY
TAXONOMY_PREVIEW;U_01.00;;;;EMPTY
TAXONOMY_PREVIEW;U_02.00;;;;EMPTY
TAXONOMY_PREVIEW;X_01.00;;;;EMPTY
TAXONOMY_PREVIEW;Y_01.01;;;;EMPTY
TAXONOMY_PREVIEW;Y_01.02;;;;EMPTY
TAXONOMY_PREVIEW;Y_02.01;;;;EMPTY
TAXONOMY_PREVIEW;Y_02.02;;;;EMPTY
TAXONOMY_PREVIEW;Y_03.01;;;;EMPTY
TAXONOMY_PREVIEW;Y_03.02;;;;EMPTY
TAXONOMY_PREVIEW;Y_04.01;;;;EMPTY
TAXONOMY_PREVIEW;Y_04.02;;;;EMPTY
TAXONOMY_PREVIEW;Y_05.01;;;;EMPTY
TAXONOMY_PREVIEW;Y_05.02;;;;EMPTY
TAXONOMY_PREVIEW;Y_06.01;;;;EMPTY
TAXONOMY_PREVIEW;Y_06.02;;;;EMPTY
TAXONOMY_PREVIEW;Y_07.01;;;;EMPTY
TAXONOMY_PREVIEW;Y_08.01;;;;EMPTY
TAXONOMY_PREVIEW;Z_01.00;;;;EMPTY
TAXONOMY_PREVIEW;Z_01.01;;;;EMPTY
TAXONOMY_PREVIEW;Z_01.02;;;;EMPTY
TAXONOMY_PREVIEW;Z_02.00;;;;EMPTY
TAXONOMY_PREVIEW;Z_03.00;;;;EMPTY
TAXONOMY_PREVIEW;Z_03.01;;;;EMPTY
TAXONOMY_PREVIEW;Z_03.02;;;;EMPTY
TAXONOMY_PREVIEW;Z_04.00;;;;EMPTY
TAXONOMY_PREVIEW;Z_05.01;;;;EMPTY
TAXONOMY_PREVIEW;Z_05.02;;;;EMPTY
TAXONOMY_PREVIEW;Z_06.00;;;;EMPTY
TAXONOMY_PREVIEW;Z_07.01;;;;EMPTY
TAXONOMY_PREVIEW;Z_07.01.1;;;;EMPTY
TAXONOMY_PREVIEW;Z_07.01.2;;;;EMPTY
TAXONOMY_PREVIEW;Z_07.01.3;;;;EMPTY
TAXONOMY_PREVIEW;Z_07.01.4;;;;EMPTY
TAXONOMY_PREVIEW;Z_07.01.5;;;;EMPTY
TAXONOMY_PREVIEW;Z_07.02;;;;EMPTY
TAXONOMY_PREVIEW;Z_07.03;;;;EMPTY
TAXONOMY_PREVIEW;Z_07.04;;;;EMPTY
TAXONOMY_PREVIEW;Z_08.00;;;;EMPTY
TAXONOMY_PREVIEW;Z_08.01;;;;EMPTY
TAXONOMY_PREVIEW;Z_08.02;;;;EMPTY
TAXONOMY_PREVIEW;Z_08.03;;;;EMPTY
TAXONOMY_PREVIEW;Z_08.04;;;;EMPTY
TAXONOMY_PREVIEW;Z_08.05;;;;EMPTY
TAXONOMY_PREVIEW;Z_09.00;;;;EMPTY
TAXONOMY_PREVIEW;Z_09.01;;;;EMPTY
TAXONOMY_PREVIEW;Z_09.02;;;;EMPTY
TAXONOMY_PREVIEW;Z_09.03;;;;EMPTY
TAXONOMY_PREVIEW;Z_09.04;;;;EMPTY
TAXONOMY_PREVIEW;Z_10.01;;;;EMPTY
TAXONOMY_PREVIEW;Z_10.02;;;;EMPTY
TAXONOMY_PREVIEW;Z_11.00;;;;EMPTY
TAXONOMY_PREVIEW;Z_12.00;;;;EMPTY
TAXONOMY_PREVIEW;Z_13.00;;;;EMPTY
TAXONOMY_PREVIEW;Z_14.00;;;;EMPTY
TAXONOMY_PREVIEW;Z_15.00;;;;EMPTY
TAXONOMY_PREVIEW;Z_16.00;;;;EMPTY
TAXONOMY_PREVIEW;Z_17.00;;;;EMPTY
